razao_social,nome,cnpj,text,cnae,situacao,fantasia,abertura,email,telefone,tipo,natureza_juridica,bairro,cep,uf
BANCO DO BRASIL S.A.,BANCO DO BRASIL SA,00.000.000/0001-91,"Bancos múltiplos, com carteira comercial",64.22-1-00,ATIVA,DIRECAO GERAL,01/08/1966,secex@bb.com.br,(61) 3493-9002,MATRIZ,203-8 - Sociedade de Economia Mista,ASA NORTE,70.040-912,DF
BRB-BANCO DE BRASILIA SA,BRB BANCO DE BRASILIA SA,00.000.208/0001-00,"Bancos múltiplos, com carteira comercial",64.22-1-00,ATIVA,BRB,04/08/1966,ggedac@brb.com.br,(61) 3412-8528/ (61) 3412-8605,MATRIZ,203-8 - Sociedade de Economia Mista,ASA SUL,70.072-900,DF
CENTRAIS ELETRICAS BRASILEIRAS SA,CENTRAIS ELETRICAS BRASILEIRAS SA,00.001.180/0001-26,Holdings de instituições não-financeiras,64.62-0-00,ATIVA,ELETROBRAS,19/08/1966,dfct@eletrobras.com,(21) 2514-5887/ (21) 2514-6155,MATRIZ,203-8 - Sociedade de Economia Mista,ASA NORTE,70.716-900,DF
COMPANHIA ENERGÉTICA DE BRASÍLIA – CEB,COMPANHIA ENERGETICA DE BRASILIA,00.070.698/0001-11,Distribuição de energia elétrica,35.14-0-00,ATIVA,CEB,17/01/1969,cleberpereira@ceb.com.br,(61) 3465-9300,MATRIZ,203-8 - Sociedade de Economia Mista,ZONA INDUSTRIAL (GUARA),71.215-902,DF
CIMS SA,CIMS S.A.,00.272.185/0001-93,Holdings de instituições não-financeiras,64.62-0-00,ATIVA,,18/10/1994,juridico@vincipartners.com,(21) 2159-6000,MATRIZ,204-6 - Sociedade Anônima Aberta,LEBLON,22.431-002,RJ
TELEC. BRASILEIRAS S.A. – TELEBRÁS,TELECOMUNICACOES BRASILEIRAS SA TELEBRAS,00.336.701/0001-04,Serviços de comunicação multimídia - SCM,61.10-8-03,ATIVA,TELEBRAS,13/11/1972,contabilidade@telebras.com.br,(61) 2027-1264/ (61) 2027-1302,MATRIZ,203-8 - Sociedade de Economia Mista,ZONA INDUSTRIAL,70.610-440,DF
ATOM EMPREENDIMENTOS E PARTICIPAÇÕES S.A.,ATOM EMPREENDIMENTOS E PARTICIPACOES S.A.,00.359.742/0001-08,Holdings de instituições não-financeiras,64.62-0-00,ATIVA,,20/12/1994,jj@paiffer.com,(16) 3031-6100,MATRIZ,204-6 - Sociedade Anônima Aberta,JARDIM PIRES DE MELLO,18.046-640,SP
BANCO INTER S.A.,BANCO INTER S.A.,00.416.968/0001-01,"Bancos múltiplos, com carteira comercial",64.22-1-00,ATIVA,BANCO INTER S.A.,01/02/1995,contabil@intermedium.com.br,(31) 2101-7000/ (31) 2101-7012,MATRIZ,204-6 - Sociedade Anônima Aberta,LOURDES,30.110-051,MG
STATKRAFT ENERGIAS RENOVÁVEIS S.A.,STATKRAFT ENERGIAS RENOVAVEIS S/A,00.622.416/0001-41,Holdings de instituições não-financeiras,64.62-0-00,ATIVA,,25/05/1995,sker.nf@statkraft.com,(48) 3877-7100,MATRIZ,204-6 - Sociedade Anônima Aberta,SACO GRANDE,88.032-005,SC
LITEL PARTICIPACOES SA,LITEL PARTICIPACOES S/A,00.743.065/0001-27,Holdings de instituições não-financeiras,64.62-0-00,ATIVA,,07/08/1995,,(21) 2283-3448 / (21) 2518-5090 / (21) 2518-9030,MATRIZ,204-6 - Sociedade Anônima Aberta,CENTRO,20.011-901,RJ
B2W – COMPANHIA DIGITAL,B2W COMPANHIA DIGITAL,00.776.574/0001-56,Comércio varejista de outros produtos não especificados anteriormente,47.89-0-99,ATIVA,,22/08/1995,fiscal.nfe@b2wdigital.com,(11) 4003-4848/ (11) 4003-5544,MATRIZ,204-6 - Sociedade Anônima Aberta,PRESIDENTE ALTINO,06.210-108,SP
ENERGISA SA,ENERGISA S/A,00.864.214/0001-06,Holdings de instituições não-financeiras,64.62-0-00,ATIVA,,29/08/1995,ismar@energisa.com.br,(32) 3429-6460/ (34) 3429-6000,MATRIZ,204-6 - Sociedade Anônima Aberta,CENTRO,36.770-901,MG
FERROVIA CENTRO ATLANTICA SA,FERROVIA CENTRO-ATLANTICA S.A,00.924.429/0001-75,Transporte ferroviário de carga,49.11-6-00,ATIVA,EST UNIF,16/11/1995,talita.silva@vli-logistica.com.br,(31) 3238-5223,MATRIZ,204-6 - Sociedade Anônima Aberta,FLORESTA,30.150-904,MG
CONCESSIONARIA RIO-TERESOPOLIS SA,CONCESSIONARIA RIO TERESOPOLIS S A,00.938.574/0001-05,"Concessionárias de rodovias, pontes, túneis e serviços relacionados",52.21-4-00,ATIVA,,21/11/1995,,(21) 2777-8300,MATRIZ,204-6 - Sociedade Anônima Aberta,BONGABA (VILA INHOMIRIM),25.930-530,RJ
CIELO S.A.,CIELO S.A.,01.027.058/0001-91,Administração de cartões de crédito,66.13-4-00,ATIVA,,27/12/1995,,(11) 2184-7600,MATRIZ,204-6 - Sociedade Anônima Aberta,ALPHAVILLE INDUSTRIAL,06.455-030,SP
NEOENERGIA S.A,NEOENERGIA S.A,01.083.200/0001-18,Holdings de instituições não-financeiras,64.62-0-00,ATIVA,,29/02/1996,impostos.diretos@neoenergia.com,(21) 3235-9800,MATRIZ,204-6 - Sociedade Anônima Aberta,FLAMENGO,22.210-906,RJ
ELETROBRÁS PARTICIPAÇÕES S.A. – ELETROPAR,ELETROBRAS PARTICIPACOES S/A,01.104.937/0001-70,"Atividades de consultoria em gestão empresarial, exceto consultoria técnica específica",70.20-4-00,ATIVA,ELETROPAR,06/02/1996,jesouto@eletrobraspar.com.br,(21) 2514-4518,MATRIZ,203-8 - Sociedade de Economia Mista,CENTRO,20.071-003,RJ
BBM LOGÍSTICA S.A.,BBM LOGISTICA S.A,01.107.327/0001-20,"Transporte rodoviário de carga, exceto produtos perigosos e mudanças, intermunicipal, interestadual e internacional",49.30-2-02,ATIVA,BBM S.A.,06/03/1996,bbm@bbmlogistica.com.br,(41) 2169-0055/ (41) 2169-0088,MATRIZ,204-6 - Sociedade Anônima Aberta,BARRO PRETO,83.015-810,PR
MRS LOGÍSTICA S/A,MRS LOGISTICA S/A,01.417.222/0001-77,Transporte ferroviário de carga,49.11-6-00,ATIVA,ESTABELECIMENTO UNIFICADO,04/09/1996,,,MATRIZ,204-6 - Sociedade Anônima Aberta,BOTAFOGO,22.250-040,RJ
GAFISA SA,GAFISA S/A.,01.545.826/0001-07,Incorporação de empreendimentos imobiliários,41.10-7-00,ATIVA,,13/11/1996,fiscal@gafisa.com.br,(11) 3025-5800,MATRIZ,204-6 - Sociedade Anônima Aberta,VILA NOVA CONCEICAO,04.543-900,SP
INVESTIMENTOS BEMGE S.A.,INVESTIMENTOS BEMGE S/A,01.548.981/0001-79,Holdings de instituições não-financeiras,64.62-0-00,ATIVA,,27/09/1966,unidadedeatendimentoafiscalizacao@correio.itau.com.br,(11) 3003-4828 / (11) 5019-1332,MATRIZ,204-6 - Sociedade Anônima Aberta,PARQUE JABAQUARA,04.344-902,SP
BRF S.A.,BRF S.A.,01.838.723/0001-27,Abate de aves,10.12-1-01,ATIVA,,14/05/1997,tributariocsc@brf-br.com,(47) 3249-4100,MATRIZ,204-6 - Sociedade Anônima Aberta,FAZENDA,88.301-600,SC
524 PARTICIPAÇOES SA,524 PARTICIPACOES S/A,01.851.771/0001-55,Holdings de instituições não-financeiras,64.62-0-00,ATIVA,,24/04/1997,,(021) 2121-717,MATRIZ,204-6 - Sociedade Anônima Aberta,CENTRO,20.030-021,RJ
CSU CARDSYSTEM S/A,CSU CARDSYSTEM S/A,01.896.779/0001-38,"Atividades de consultoria em gestão empresarial, exceto consultoria técnica específica",70.20-4-00,ATIVA,,18/04/1997,jane.bessa@csu.com.br,(11) 2627-8500,MATRIZ,204-6 - Sociedade Anônima Aberta,NOVA ALDEINHA,06.440-182,SP
CIA DE PARTICIPAÇÕES ALIANÇA DA BAHIA,COMPANHIA DE PARTICIPACOES ALIANCA DA BAHIA,01.938.783/0001-11,Holdings de instituições não-financeiras,64.62-0-00,ATIVA,ALIANCA PARTICIPACOES,27/06/1997,,,MATRIZ,204-6 - Sociedade Anônima Aberta,COMERCIO,40.015-020,BA
SUL 116 PARTICIPAÇÕES S.A.,SUL 116 PARTICIPACOES SA,01.957.772/0001-89,Holdings de instituições não-financeiras,64.62-0-00,ATIVA,,07/07/1997,mcunha@mattosfilho.com.br,(21) 3231-8200 / (21) 3231-8200,MATRIZ,204-6 - Sociedade Anônima Aberta,CENTRO,20.040-009,RJ
"EMP.NAC. DE COMÉRCIO, RÉDITO E PART. S.A. – ENCORPAR","EMPRESA NACIONAL DE COMERCIO, REDITO E PARTICIPACOES S.A.-ENCORPAR",01.971.614/0001-83,Comércio atacadista de tecidos,46.41-9-01,ATIVA,ENCORPAR,19/06/1997,,(031) 2741-877 / (031) 2741-422,MATRIZ,204-6 - Sociedade Anônima Aberta,FUNCIONARIOS,30.140-071,MG
SUDESTE SA,SUDESTE S.A.,02.062.747/0001-08,"Outras sociedades de participação, exceto holdings",64.63-8-00,ATIVA,,05/08/1997,,(021) 212 -1717,MATRIZ,204-6 - Sociedade Anônima Aberta,CENTRO,20.030-021,RJ
PORTO SEGURO SA,PORTO SEGURO S/A,02.149.205/0001-69,Holdings de instituições financeiras,64.61-1-00,ATIVA,,22/09/1997,cadastros.societarios@portoseguro.com.br,(11) 3366-6085,MATRIZ,204-6 - Sociedade Anônima Aberta,CAMPOS ELISEOS,01.216-012,SP
UPTICK PARTICIPACOES SA,UPTICK PARTICIPACOES S/A,02.162.616/0001-94,Holdings de instituições não-financeiras,64.62-0-00,ATIVA,,06/10/1997,,(21) 2114-1977 / (21) 2114-1977,MATRIZ,204-6 - Sociedade Anônima Aberta,CENTRO,20.011-901,RJ
GPC PARTICIPACOES SA,GPC PARTICIPACOES S/A EM RECUPERACAO JUDICIAL,02.193.750/0001-52,Holdings de instituições não-financeiras,64.62-0-00,ATIVA,,20/10/1997,,(21) 2212-4700,MATRIZ,204-6 - Sociedade Anônima Aberta,CENTRO,20.021-290,RJ
ALEF SA,ALEF S.A,02.217.319/0001-07,Holdings de instituições não-financeiras,64.62-0-00,ATIVA,,23/10/1997,,(021) 212 -1717,MATRIZ,204-6 - Sociedade Anônima Aberta,CENTRO,20.030-021,RJ
PRODUTORES ENERGETICOS DE MANSO SA,PRODUTORES ENERGETICOS DE MANSO S/A - PROMAN,02.291.077/0001-93,Geração de energia elétrica,35.11-5-01,ATIVA,,10/12/1997,nanci@bullfinance.com.br,(21) 3559-3021/ (21) 8868-3168,MATRIZ,204-6 - Sociedade Anônima Aberta,RECREIO DOS BANDEIRANTES,22.795-240,RJ
EMAE-EMP.METROPOLITANA ÁGUAS ENERGIA S.A,EMAE - EMPRESA METROPOLITANA DE AGUAS E ENERGIA SA,02.302.101/0001-42,Geração de energia elétrica,35.11-5-01,ATIVA,,22/12/1997,contabilidade@emae.sp.gov.br,(011) 5611-5100,MATRIZ,204-6 - Sociedade Anônima Aberta,PEDREIRA,04.447-011,SP
OPPORTUNITY ENERGIA E PARTICIPAÇÕES S.A.,OPPORTUNITY ENERGIA E PARTICIPACOES S.A.,02.318.346/0001-68,Holdings de instituições não-financeiras,64.62-0-00,ATIVA,,18/11/1997,,(021) 532 -7255,MATRIZ,204-6 - Sociedade Anônima Aberta,CENTRO,20.030-021,RJ
ELEKTRO REDES S.A.,ELEKTRO REDES S.A.,02.328.280/0001-97,Distribuição de energia elétrica,35.14-0-00,ATIVA,ELEKTRO REDES S.A.,16/01/1998,,(011) 3138-7541,MATRIZ,204-6 - Sociedade Anônima Aberta,JD NOVA AMERICA,13.053-024,SP
TEGMA GESTÃO LOGÍSTICA SA,TEGMA GESTAO LOGISTICA S.A.,02.351.144/0001-18,"Transporte rodoviário de carga, exceto produtos perigosos e mudanças, intermunicipal, interestadual e internacional",49.30-2-02,ATIVA,,22/01/1998,paralegal@tegma.com.br,(11) 4346-2500/ (11) 4346-2501,MATRIZ,204-6 - Sociedade Anônima Aberta,DEMARCHI,09.820-655,SP
LOCAWEB SERVIÇOS DE INTERNET S.A.,LOCAWEB SERVICOS DE INTERNET S.A.,02.351.877/0001-52,"Tratamento de dados, provedores de serviços de aplicação e serviços de hospedagem na internet",63.11-9-00,ATIVA,LOCAWEB,23/12/1997,contabilidade_email@locaweb.com.br,(11) 3544-0444,MATRIZ,205-4 - Sociedade Anônima Fechada,VILA ANDRADE,05.707-001,SP
LIFEMED INDUSTRIAL DE EQUIP. E ART. MEDICOS E HOSP. S.A.,LIFEMED INDUSTRIAL DE EQUIPAMENTOS E ARTIGOS MEDICOS E HOSPITALARES S.A.,02.357.251/0001-53,"Fabricação de instrumentos não-eletrônicos e utensílios para uso médico, cirúrgico, odontológico e de laboratório",32.50-7-01,ATIVA,,11/02/1998,fiscal.rs@lifemed.com.br,(53) 3273-3232,MATRIZ,205-4 - Sociedade Anônima Fechada,FRAGATA,96.050-080,RS
IDEIASNET SA,IDEIASNET S/A,02.365.069/0001-44,Holdings de instituições não-financeiras,64.62-0-00,ATIVA,,11/02/1998,ri@ideiasnet.com.br,(21) 3206-9200,MATRIZ,204-6 - Sociedade Anônima Aberta,IPANEMA,20.031-130,RJ
RUMO S.A.,RUMO S.A,02.387.241/0001-60,Holdings de instituições não-financeiras,64.62-0-00,ATIVA,RUMO S.A,02/03/1998,fiscalizacaocar@raizen.com,(19) 3423-8000,MATRIZ,204-6 - Sociedade Anônima Aberta,VILA OFICINAS,82.920-030,PR
CPFL ENERGIA SA,CPFL ENERGIA S.A.,02.429.144/0001-93,Holdings de instituições não-financeiras,64.62-0-00,ATIVA,,25/03/1998,backofficetributario@cpfl.com.br,(19) 3756-8020,MATRIZ,204-6 - Sociedade Anônima Aberta,JARDIM PROFESSORA TARCILIA,13.087-397,SP
ENGIE BRASIL ENERGIA S.A.,ENGIE BRASIL ENERGIA S.A.,02.474.103/0001-19,Geração de energia elétrica,35.11-5-01,ATIVA,,17/04/1998,marcioaa@tractebelenergia.com.br,(48) 3221-7152/ (48) 3221-7452,MATRIZ,204-6 - Sociedade Anônima Aberta,AGRONOMICA,88.025-255,SC
TIM PARTICIPAÇÕES SA,TIM PARTICIPACOES S.A,02.558.115/0001-21,Holdings de instituições não-financeiras,64.62-0-00,ATIVA,,04/06/1998,,(21) 2253-5252 / (041) 3096-610,MATRIZ,204-6 - Sociedade Anônima Aberta,BARRA DA TIJUCA,22.775-057,RJ
TELEFÔNICA BRASIL S.A.,TELEFONICA BRASIL S.A.,02.558.157/0001-62,Serviços de telefonia fixa comutada - STFC,61.10-8-01,ATIVA,,04/06/1998,telefonica@telefonica.com,(11) 3430-0000,MATRIZ,204-6 - Sociedade Anônima Aberta,CIDADE MONCOES,04.571-936,SP
CAPITALPART PARTICIPAÇÕES SA,CAPITALPART PARTICIPACOES S/A,02.591.787/0001-39,Holdings de instituições não-financeiras,64.62-0-00,ATIVA,,17/06/1998,,(11) 3231-3700,MATRIZ,204-6 - Sociedade Anônima Aberta,PINHEIROS,05.407-003,SP
INNCORP S.A.,INNCORP S.A.,02.604.860/0001-60,Holdings de instituições não-financeiras,64.62-0-00,ATIVA,,30/06/1998,,(21) 3231-3700 / (21) 2222-2473,MATRIZ,204-6 - Sociedade Anônima Aberta,ITAIM BIBI,04.532-020,SP
TERMINAL GARAGEM MENEZES CORTES SA,TERMINAL GARAGEM MENEZES CORTES S.A.,02.664.042/0001-52,Estacionamento de veículos,52.23-1-00,ATIVA,TERMINAL GARAGEM MENEZES CORTES,26/06/1998,tgmc-ger @ tgmc.com.br,(21) 2544-6667,MATRIZ,204-6 - Sociedade Anônima Aberta,CENTRO,20.010-020,RJ
MMX MINERAÇÃO E METÁLICOS S.A. – EM RECUPERAÇÃO JUDICIAL,MMX MINERACAO E METALICOS S/A EM RECUPERACAO JUDICIAL,02.762.115/0001-49,Holdings de instituições não-financeiras,64.62-0-00,ATIVA,,23/09/1998,contato@mmx.com.br,(21) 2471-4678 / (21) 2473-4896 / (21) 2473-4896,MATRIZ,204-6 - Sociedade Anônima Aberta,BOTAFOGO,22.290-906,RJ
SANTOS BRASIL PARTICIPAÇÕES S.A.,SANTOS BRASIL PARTICIPACOES S.A.,02.762.121/0001-04,Atividades do Operador Portuário,52.31-1-02,ATIVA,,23/09/1998,contabilidade_fiscal@santosbrasil.com.br,(11) 3279-3279/ (13) 2102-9000,MATRIZ,204-6 - Sociedade Anônima Aberta,VILA NOVA CONCEICAO,04.543-121,SP
BETAPART PARTICIPAÇÕES SA,BETAPART PARTICIPACOES S/A,02.762.124/0001-30,Holdings de instituições não-financeiras,64.62-0-00,ATIVA,,23/09/1998,,,MATRIZ,204-6 - Sociedade Anônima Aberta,CENTRO,20.030-021,RJ
GAMA PARTICIPAÇÕES S.A.,GAMA PARTICIPACOES S.A,02.796.775/0001-40,Holdings de instituições não-financeiras,64.62-0-00,ATIVA,,28/09/1998,,(0215) 3272-55,MATRIZ,204-6 - Sociedade Anônima Aberta,CENTRO,20.030-021,RJ
KROTON EDUCACIONAL S.A.,COGNA EDUCACAO S.A,02.800.026/0001-40,Holdings de instituições não-financeiras,64.62-0-00,ATIVA,COGNA EDUCACAO,21/09/1998,fiscalizacao@kroton.com.br,(31) 2126-0700/ (31) 2126-0701,MATRIZ,204-6 - Sociedade Anônima Aberta,VILA PARIS,30.380-650,MG
CCR S.A.,CCR S.A.,02.846.056/0001-97,Holdings de instituições não-financeiras,64.62-0-00,ATIVA,,27/10/1998,regularidadefiscal.actua@grupoccr.com.br,(11) 3048-5900/ (11) 3048-5951,MATRIZ,204-6 - Sociedade Anônima Aberta,VILA OLIMPIA,04.551-065,SP
T4F ENTRETENIMENTO SA,T4F ENTRETENIMENTO S.A.,02.860.694/0001-62,"Artes cênicas, espetáculos e atividades complementares não especificadas anteriormente",90.01-9-99,ATIVA,,23/11/1998,jjunior@t4f.com.br,(11) 4505-2500,MATRIZ,204-6 - Sociedade Anônima Aberta,JARDIM DOM BOSCO,04.757-000,SP
JBS SA,JBS S/A,02.916.265/0001-60,Frigorífico - abate de bovinos,10.11-2-01,ATIVA,,16/12/1998,boni@jbs.com.br,(11) 3144-4000,MATRIZ,204-6 - Sociedade Anônima Aberta,VILA JAGUARA,05.118-100,SP
HYPERA S/A,HYPERA S.A.,02.932.074/0001-91,Fabricação de medicamentos alopáticos para uso humano,21.21-1-01,ATIVA,HYPERA PHARMA,02/01/1999,daniel.almeida@brainfarma.ind.br,(62) 3878-8150,MATRIZ,204-6 - Sociedade Anônima Aberta,VILA OLIMPIA,04.547-071,SP
PDG REALTY SA EMPREENDIMENTOS E PARTS – EM RECUPERAÇÃO JUDICIAL,PDG REALTY S/A EMPREENDIMENTOS E PARTICIPACOES,02.950.811/0001-89,Holdings de instituições não-financeiras,64.62-0-00,ATIVA,,27/11/1998,fiscal.csc@pdg.com.br,(11) 4383-7000,MATRIZ,204-6 - Sociedade Anônima Aberta,VILA OLIMPIA,04.548-005,SP
PROMPT PARTICIPAÇÕES S.A.,PROMPT PARTICIPACOES S.A.,02.992.449/0001-09,Holdings de instituições não-financeiras,64.62-0-00,ATIVA,,30/11/1998,,,MATRIZ,204-6 - Sociedade Anônima Aberta,CENTRO,20.030-021,RJ
RIO PARANAPANEMA ENERGIA SA,RIO PARANAPANEMA ENERGIA S.A.,02.998.301/0001-81,Geração de energia elétrica,35.11-5-01,ATIVA,,22/02/1999,ca.fiscal.equipe@ctgbr.com.br,(41) 3514-1800/ (41) 3514-1855,MATRIZ,204-6 - Sociedade Anônima Aberta,VILA OLIMPIA,04.551-060,SP
CTEEP-CIA TRANSM ENERGIA ELÉTR. PAULISTA,CTEEP - COMPANHIA DE TRANSMISSAO DE ENERGIA ELETRICA PAULISTA,02.998.611/0001-04,Transmissão de energia elétrica,35.12-3-00,ATIVA,TRANSMISSAO PAULISTA,22/02/1999,tributos.fc@cteep.com.br,(11) 3138-7000/ (11) 3138-7219,MATRIZ,204-6 - Sociedade Anônima Aberta,VILA GERTRUDES,04.794-000,SP
TPI – TRIUNFO PARTICIPACOES E INVESTIMENTOS S.A.,TPI - TRIUNFO PARTICIPACOES E INVESTIMENTOS S.A.,03.014.553/0001-91,Holdings de instituições não-financeiras,64.62-0-00,ATIVA,TRIUNFO PARTICIPACOES S.A.,21/01/1999,fiscal@triunfo.com,(11) 2169-3999 / (11) 2169-3993 / (11) 2169-3969,MATRIZ,204-6 - Sociedade Anônima Aberta,VILA OLIMPIA,04.551-000,SP
EQUATORIAL ENERGIA S/A,EQUATORIAL ENERGIA S/A,03.220.438/0001-73,Holdings de instituições não-financeiras,64.62-0-00,ATIVA,,16/06/1999,,(98) 3217-2220/ (98) 3217-2149,MATRIZ,204-6 - Sociedade Anônima Aberta,CALHAU,65.071-680,MA
DTCOM – DIRECT TO COMPANY S.A.,DTCOM DIRECT TO COMPANY S/A.,03.303.999/0001-36,Treinamento em desenvolvimento profissional e gerencial,85.99-6-04,ATIVA,,16/07/1999,,,MATRIZ,204-6 - Sociedade Anônima Aberta,COAB,83.420-000,PR
LIGHT SA,LIGHT S/A,03.378.521/0001-75,Holdings de instituições não-financeiras,64.62-0-00,ATIVA,,30/08/1999,,(21) 2211-2617/ (21) 2211-2600,MATRIZ,204-6 - Sociedade Anônima Aberta,CENTRO,20.080-002,RJ
ENERGISA MATO GROSSO – DISTRIBUIDORA DE ENERGIA S.A.,ENERGISA MATO GROSSO - DISTRIBUIDORA DE ENERGIA S.A.,03.467.321/0001-99,Distribuição de energia elétrica,35.14-0-00,ATIVA,,25/08/1966,vicente@energisa.com.br,(65) 3316-5362,MATRIZ,204-6 - Sociedade Anônima Aberta,BANDEIRANTES,78.010-900,MT
INVEST.E PART.EM INFRA-ESTR.S/A-INVEPAR,INVESTIMENTOS E PARTICIPACOES EM INFRAESTRUTURA S.A - INVEPAR,03.758.318/0001-24,Outras atividades de serviços financeiros não especificadas anteriormente,64.99-9-99,ATIVA,INVEPAR,17/04/2000,tributario@invepar.com.br,(21) 2211-1300,MATRIZ,204-6 - Sociedade Anônima Aberta,CENTRO,20.031-000,RJ
BRAZILIAN SECURITIES CIA SECURITIZAÇÃO,BRAZILIAN SECURITIES COMPANHIA DE SECURITIZACAO,03.767.538/0001-14,Securitização de créditos,64.92-1-00,ATIVA,,14/04/2000,controlesadministrativos@grupopan.com,(11) 3264-5580 / (11) 3264-5589 / (11) 4081-4855,MATRIZ,204-6 - Sociedade Anônima Aberta,BELA VISTA,01.310-100,SP
BRADESPAR S/A,BRADESPAR S.A.,03.847.461/0001-92,Holdings de instituições não-financeiras,64.62-0-00,ATIVA,BRADESPAR S.A.,01/06/2000,,(011) 2538-833 / (011) 2530-580,MATRIZ,204-6 - Sociedade Anônima Aberta,CERQUEIRA CESAR,01.310-917,SP
MARFRIG GLOBAL FOODS SA,MARFRIG GLOBAL FOODS S.A.,03.853.896/0001-40,Frigorífico - abate de bovinos,10.11-2-01,ATIVA,MARFRIG,06/06/2000,paralegal.corporativo@marfrig.com.br,(11) 4593-7403,MATRIZ,204-6 - Sociedade Anônima Aberta,VILA HAMBURGUESA,05.319-000,SP
EDP ENERGIAS DO BRASIL S/A,EDP - ENERGIAS DO BRASIL S.A.,03.983.431/0001-03,Holdings de instituições não-financeiras,64.62-0-00,ATIVA,,24/07/2000,cleuzi.santos@edpb.br,(11) 2185-5830/ (11) 2185-5000,MATRIZ,204-6 - Sociedade Anônima Aberta,VILA OLIMPIA,04.547-006,SP
CABINDA PARTICIPAÇÕES SA,CABINDA PARTICIPACOES S/A,04.030.182/0001-02,Holdings de instituições não-financeiras,64.62-0-00,ATIVA,,05/09/2000,,,MATRIZ,204-6 - Sociedade Anônima Aberta,JARDIM PAULISTA,01.405-001,SP
CACONDE PARTICIPAÇÕES SA,CACONDE PARTICIPACOES S/A,04.031.213/0001-31,Holdings de instituições não-financeiras,64.62-0-00,ATIVA,,05/09/2000,,,MATRIZ,204-6 - Sociedade Anônima Aberta,JARDIM PAULISTA,01.405-001,SP
LIQ PARTICIPAÇÕES S.A.,LIQ PARTICIPACOES S.A.,04.032.433/0001-80,Holdings de instituições não-financeiras,64.62-0-00,ATIVA,,05/09/2000,patricia.peres@liq.com.br,(11) 3131-1768,MATRIZ,204-6 - Sociedade Anônima Aberta,BRAS,03.043-010,SP
CAIANDA PARTICIPAÇÕES SA,CAIANDA PARTICIPACOES S/A,04.038.763/0001-82,Holdings de instituições não-financeiras,64.62-0-00,ATIVA,,05/09/2000,,(11) 3897-0188,MATRIZ,204-6 - Sociedade Anônima Aberta,JARDIM PAULISTA,01.405-001,SP
SINQIA S.A.,SINQIA S.A.,04.065.791/0001-99,Desenvolvimento de programas de computador sob encomenda,62.01-5-01,ATIVA,,04/08/2000,,(11) 6951-0385/ (11) 6986-9660,MATRIZ,204-6 - Sociedade Anônima Aberta,CONSOLACAO,01.415-003,SP
AES TIETÊ ENERGIA S.A,AES TIETE ENERGIA S.A.,04.128.563/0001-10,Geração de energia elétrica,35.11-5-01,ATIVA,,06/11/2000,tributario@aes.com,(11) 4197-4738,MATRIZ,204-6 - Sociedade Anônima Aberta,BROOKLIN PAULISTA,04.578-000,SP
ECORODOVIAS INFRAESTRUTURA E LOGÍSTICA S.A.,ECORODOVIAS INFRAESTRUTURA E LOGISTICA S/A,04.149.454/0001-80,Holdings de instituições não-financeiras,64.62-0-00,ATIVA,,16/11/2000,nadir.castilho@ecorodovias.com.br,(11) 4359-6059/ (11) 4359-6186,MATRIZ,204-6 - Sociedade Anônima Aberta,VILA OLIMPIA,04.547-005,SP
ENEVA S.A.,ENEVA S.A.,04.423.567/0001-21,Extração de petróleo e gás natural,06.00-0-01,ATIVA,,04/05/2001,gestaofiscal@eneva.com.br,(21) 3721-3000,MATRIZ,204-6 - Sociedade Anônima Aberta,BOTAFOGO,22.250-040,RJ
BIOMM SA,BIOMM S/A,04.752.991/0001-10,Fabricação de medicamentos alopáticos para uso humano,21.21-1-01,ATIVA,,03/10/2001,patricia.faria@biomm.com,(31) 3299-1000/ (31) 3299-1010,MATRIZ,204-6 - Sociedade Anônima Aberta,ALPHAVILLE - LAGOA DOS INGLESES,34.018-000,MG
METALFRIO SOLUTIONS S/A,METALFRIO SOLUTIONS S.A.,04.821.041/0001-08,"Fabricação de fogões, refrigeradores e máquinas de lavar e secar para uso doméstico, peças e acessórios",27.51-1-00,ATIVA,METALFRIO SOLUTIONS S.A.,19/12/2001,pacola@metalfrio.com.br,(11) 2627-9076/ (11) 2627-9043,MATRIZ,204-6 - Sociedade Anônima Aberta,VILA LIVIEIRO,04.186-220,SP
CENTRAIS ELÉTRICAS DO PARÁ S.A. – CELPA,EQUATORIAL PARA DISTRIBUIDORA DE ENERGIA S.A.,04.895.728/0001-80,Distribuição de energia elétrica,35.14-0-00,ATIVA,,07/11/1969,reinaldo.mota@redenergia.com,(91) 3216-1358,MATRIZ,204-6 - Sociedade Anônima Aberta,COQUEIRO,66.823-010,PA
BANCO DA AMAZÔNIA S.A.,BANCO DA AMAZONIA SA,04.902.979/0001-44,Bancos comerciais,64.21-2-00,ATIVA,BASA DIRECAO GERAL,19/12/1967,tributos@bancoamazonia.com.br,(91) 4008-3316/ (91) 4008-2409,MATRIZ,203-8 - Sociedade de Economia Mista,CENTRO,66.017-000,PA
BANCO DO ESTADO DO PARÁ S/A.,BANCO DO ESTADO DO PARA S A,04.913.711/0001-08,"Bancos múltiplos, com carteira comercial",64.22-1-00,ATIVA,BANPARA,29/09/1966,lsampaio@banparanet.com.br,(91) 3210-3270/ (91) 3210-3219,MATRIZ,203-8 - Sociedade de Economia Mista,CAMPINA,66.010-000,PA
SER EDUCACIONAL S.A.,SER EDUCACIONAL S.A.,04.986.320/0001-13,Educação superior - graduação e pós-graduação,85.32-5-00,ATIVA,UNINASSAU RECIFE - GRACAS,27/03/2002,contabilidade@sereducacional.com,(81) 3413-4611,MATRIZ,204-6 - Sociedade Anônima Aberta,SANTO AMARO,50.100-200,PE
HAPVIDA PARTICIPAÇÕES E INVESTIMENTOS S.A.,HAPVIDA PARTICIPACOES E INVESTIMENTOS S/A,05.197.443/0001-38,Holdings de instituições não-financeiras,64.62-0-00,ATIVA,,21/09/2001,contab@hapvida.com.br,(85) 2559-010,MATRIZ,204-6 - Sociedade Anônima Aberta,CENTRO,60.140-060,CE
LITELA PARTICIPAÇÕES S.A.,LITELA PARTICIPACOES S.A.,05.495.546/0001-84,Holdings de instituições não-financeiras,64.62-0-00,ATIVA,,06/02/2003,adrianadutra@eximiacapital.com,(21) 2128-5544,MATRIZ,205-4 - Sociedade Anônima Fechada,CENTRO,20.011-901,RJ
SMILES FIDELIDADE S.A.,SMILES FIDELIDADE S.A.,05.730.375/0001-20,Outras atividades de serviços prestados principalmente às empresas não especificadas anteriormente,82.99-7-99,ATIVA,WEBJET,22/01/2003,mb@bambanassessoria.com.br,(11) 2274-4136 / (11) 2274-4136,MATRIZ,204-6 - Sociedade Anônima Aberta,ALPHAVILLE INDUSTRIAL,06.454-000,SP
TERRA SANTA AGRO S.A.,TERRA SANTA AGRO S.A.,05.799.312/0001-20,Cultivo de soja,01.15-6-00,ATIVA,,30/07/2003,fiscal@tsagro.com,(11) 3137-3111/ (11) 3137-3100,MATRIZ,204-6 - Sociedade Anônima Aberta,CIDADE MONCOES,04.571-150,SP
ALIANSCE SONAE SHOPPING CENTERS S.A.,ALIANSCE SONAE SHOPPING CENTERS S.A,05.878.397/0001-32,Incorporação de empreendimentos imobiliários,41.10-7-00,ATIVA,,08/07/2003,ac-fiscal@alianscesonae.com.br,(21) 2176-7272,MATRIZ,204-6 - Sociedade Anônima Aberta,LEBLON,22.431-050,RJ
BRPR 56 SECURITZADORA CRED IMOB SA,BRPR 56 SECURITIZADORA DE CREDITOS IMOBILIARIOS S.A.,06.137.677/0001-52,Securitização de créditos,64.92-1-00,ATIVA,,26/02/2004,fiscal@brproperties.com.br,(11) 3201-1000/ (11) 3201-1001,MATRIZ,205-4 - Sociedade Anônima Fechada,BROOKLIN NOVO,04.578-000,SP
GOL LINHAS AEREAS INTELIGENTES SA,GOL LINHAS AEREAS INTELIGENTES S.A.,06.164.253/0001-87,Holdings de instituições não-financeiras,64.62-0-00,ATIVA,,22/03/2004,bambanassessoria@bambanassessoria.net,(11) 2841-2702/ (11) 9867-9422,MATRIZ,204-6 - Sociedade Anônima Aberta,CAMPO BELO,04.626-020,SP
COMPANHIA ENERGÉTICA DO MARANHÃO CEMAR,EQUATORIAL MARANHAO DISTRIBUIDORA DE ENERGIA S.A,06.272.793/0001-84,Distribuição de energia elétrica,35.14-0-00,ATIVA,EQUATORIAL ENERGIA MARANHAO,31/12/1965,cemardf@elo.com.br,(98) 3217-2220/ (98) 3217-2149,MATRIZ,204-6 - Sociedade Anônima Aberta,CALHAU,65.071-680,MA
LINX S.A.,LINX S.A.,06.948.969/0001-75,Holdings de instituições não-financeiras,64.62-0-00,ATIVA,,20/07/2004,ursula.copi@linx.com.br,(11) 2103-2400,MATRIZ,204-6 - Sociedade Anônima Aberta,PINHEIROS,05.425-902,SP
BR MALLS PARTICIPAÇOES S.A.,BR MALLS PARTICIPACOES S.A.,06.977.745/0001-91,Holdings de instituições não-financeiras,64.62-0-00,ATIVA,,20/07/2004,gd_fiscal@brmalls.com.br,(21) 3138-9900/ (21) 2983-9843,MATRIZ,204-6 - Sociedade Anônima Aberta,LEBLON,22.430-060,RJ
BR PROPERTIES S.A.,BR PROPERTIES S.A.,06.977.751/0001-49,Holdings de instituições não-financeiras,64.62-0-00,ATIVA,,20/07/2004,fiscal@brproerties.com.br,(11) 3201-1000/ (11) 3201-1001,MATRIZ,204-6 - Sociedade Anônima Aberta,BROOKLIN NOVO,04.578-000,SP
CTC – CENTRO DE TECNOLOGIA CANAVIEIRA S.A.,CTC - CENTRO DE TECNOLOGIA CANAVIEIRA S.A.,06.981.381/0001-13,Pesquisa e desenvolvimento experimental em ciências físicas e naturais,72.10-0-00,ATIVA,,27/08/2004,tadeuandrade@ctc.com.br,(11) 3812-2100,MATRIZ,204-6 - Sociedade Anônima Aberta,JARDIM PAULISTANO,01.452-000,SP
CIA ENERG CEARA – COELCE,COMPANHIA ENERGETICA DO CEARA,07.047.251/0001-70,Distribuição de energia elétrica,35.14-0-00,ATIVA,ENEL DISTRIBUICAO CEARA,06/09/1971,fiscpro@enel.com,(85) 3453-4230,MATRIZ,204-6 - Sociedade Anônima Aberta,CENTRO,60.135-040,CE
BRAZIL REALTY CIA SECURITIZADORA DE CREDITOS IMOLIARIOS,BRAZIL REALTY - COMPANHIA SECURITIZADORA DE CREDITOS IMOBILIARIOS,07.119.838/0001-48,Securitização de créditos,64.92-1-00,ATIVA,,08/10/2004,deptodetributos@cyrela.com.br,(11) 2079-2713,MATRIZ,205-4 - Sociedade Anônima Fechada,ITAIM BIBI,04.538-132,SP
M DIAS BRANCO SA IND E COM DE ALIMENTOS,M DIAS BRANCO S.A. INDUSTRIA E COMERCIO DE ALIMENTOS,07.206.816/0001-15,Moagem de trigo e fabricação de derivados,10.62-7-00,ATIVA,FABRICA FORTALEZA,29/08/1966,luciana.teixeira@mdb.com.br,(85) 4005-5736/ (85) 4005-5557,MATRIZ,204-6 - Sociedade Anônima Aberta,JABUTI,61.760-000,CE
BANCO DO NORDESTE DO BRASIL SA,BANCO DO NORDESTE DO BRASIL SA,07.237.373/0001-20,"Bancos múltiplos, com carteira comercial",64.22-1-00,ATIVA,BNB,29/09/1966,patriciagp@bnb.gov.br,(85) 3251-6974,MATRIZ,203-8 - Sociedade de Economia Mista,PASSARE,60.743-902,CE
CINESYSTEM S.A.,CINESYSTEM S.A.,07.437.016/0001-05,Holdings de instituições não-financeiras,64.62-0-00,ATIVA,,07/06/2005,cristiane@cinesystem.com.br,(44) 3026-3444,MATRIZ,204-6 - Sociedade Anônima Aberta,ZONA 01,87.013-919,PR
AMBEV S.A.,AMBEV S.A.,07.526.557/0001-00,Fabricação de cervejas e chopes,11.13-5-02,ATIVA,,19/07/2005,opobrigaces@ambev.com.br,(19) 3313-5680/ (19) 3313-6000,MATRIZ,204-6 - Sociedade Anônima Aberta,ITAIM BIBI,04.530-001,SP
SMARTFIT ESCOLA DE GINÁSTICA E DANÇA S.A.,SMARTFIT ESCOLA DE GINASTICA E DANCA S.A,07.594.978/0001-78,Atividades de condicionamento físico,93.13-1-00,ATIVA,,12/08/2005,fiscal@bioritmo.com.br,(11) 3365-0800,MATRIZ,204-6 - Sociedade Anônima Aberta,BELA VISTA,01.310-100,SP
BRASILAGRO CIA BRAS DE PROP AGRICOLAS,BRASILAGRO - COMPANHIA BRASILEIRA DE PROPRIEDADES AGRICOLAS,07.628.528/0001-59,Cultivo de cana-de-açúcar,01.13-0-00,ATIVA,,30/09/2005,fiscal@brasil-agro.com,(11) 3035-5300/ (11) 3035-5389,MATRIZ,204-6 - Sociedade Anônima Aberta,JD PAULISTANO,01.452-002,SP
EMBRAER S.A.,EMBRAER S.A.,07.689.002/0001-89,Fabricação de aeronaves,30.41-5-00,ATIVA,,08/09/2005,maria.tedesco@embraer.com.br,(12) 3927-3735/ (12) 3927-8563,MATRIZ,204-6 - Sociedade Anônima Aberta,PUTIM,12.227-901,SP
SPRINGS GLOBAL PARTICIPAÇÕES S/A,SPRINGS GLOBAL PARTICIPACOES S.A.,07.718.269/0001-57,Holdings de instituições não-financeiras,64.62-0-00,ATIVA,,02/12/2005,marcos.moura@coteminas.com.br,(11) 2145-4454/ (11) 2145-4543,MATRIZ,204-6 - Sociedade Anônima Aberta,DISTRITO INDUSTRIAL,39.404-005,MG
MULTIPLAN EMP. IMOBILIARIOS S/A,MULTIPLAN EMPREENDIMENTOS IMOBILIARIOS S/A,07.816.890/0001-53,Aluguel de imóveis próprios,68.10-2-02,ATIVA,MULTIPLAN EMPREENDIMENTOS,24/01/2006,fiscal@multiplan.com.br,(21) 3031-5200,MATRIZ,204-6 - Sociedade Anônima Aberta,BARRA DA TIJUCA,22.640-102,RJ
CR2 EMPREENDIMENTOS IMOBILIÁRIOS S/A,CR2 EMPREENDIMENTOS IMOBILIARIOS S/A,07.820.907/0001-46,Incorporação de empreendimentos imobiliários,41.10-7-00,ATIVA,,23/01/2006,cr2empreendimentos@cr2.com.br,(21) 3031-4662,MATRIZ,204-6 - Sociedade Anônima Aberta,DEL CASTILHO,20.765-000,RJ
TRANSMISSORA ALIANÇA DE ENERGIA ELÉTRICA S.A.,TRANSMISSORA ALIANCA DE ENERGIA ELETRICA S/A,07.859.971/0001-30,Transmissão de energia elétrica,35.12-3-00,ATIVA,,31/01/2006,luiz.andrade@taesa.com.br,(21) 2212-6048,MATRIZ,204-6 - Sociedade Anônima Aberta,CENTRO,20.010-010,RJ
MITRE REALTY EMPREENDIMENTOS E PARTICIPAÇÕES S.A.,MITRE REALTY EMPREENDIMENTOS E PARTICIPACOES S.A.,07.882.930/0001-65,Incorporação de empreendimentos imobiliários,41.10-7-00,ATIVA,MITRE REALTY,27/09/2005,mitre@mitrerealty.com.br,(11) 2099-6459,MATRIZ,205-4 - Sociedade Anônima Fechada,CERQUEIRA CESAR,01.418-002,SP
CCX CARVÃO DA COLOMBIA S.A.,CCX CARVAO DA COLOMBIA S.A.,07.950.674/0001-04,"Outras sociedades de participação, exceto holdings",64.63-8-00,ATIVA,,17/04/2006,ri.ccx@ccx.com.br,(21) 2222-2222 / (21) 2555-5550,MATRIZ,204-6 - Sociedade Anônima Aberta,FLAMENGO,22.210-906,RJ
TECNISA S/A,TECNISA S.A.,08.065.557/0001-12,Incorporação de empreendimentos imobiliários,41.10-7-00,ATIVA,,07/06/2006,fiscal@tecnisa.com.br,(11) 3708-1000,MATRIZ,204-6 - Sociedade Anônima Aberta,ITAIM BIBI,04.538-133,SP
LPS BRASIL CONSULTORIA DE IMOVEIS S/A,LPS BRASIL - CONSULTORIA DE IMOVEIS S/A.,08.078.847/0001-09,Corretagem na compra e venda e avaliação de imóveis,68.21-8-01,ATIVA,,05/06/2006,paralegal@lopes.com.br,(11) 3067-0037/ (11) 3067-0687,MATRIZ,204-6 - Sociedade Anônima Aberta,JARDIM AMERICA,01.427-002,SP
IGUA SANEAMENTO S.A.,IGUA SANEAMENTO S.A.,08.159.965/0001-33,Holdings de instituições não-financeiras,64.62-0-00,ATIVA,,04/07/2006,tributario@iguasa.com.br,(11) 4873-8700,MATRIZ,204-6 - Sociedade Anônima Aberta,VILA OLIMPIA,04.547-005,SP
JHSF PARTICIPAÇÕES SA,JHS F PARTICIPACOES S.A.,08.294.224/0001-65,Holdings de instituições não-financeiras,64.62-0-00,ATIVA,,08/08/2006,renatobarbosa@jhsf.com.br,(11) 3702-1900/ (11) 3702-2357,MATRIZ,204-6 - Sociedade Anônima Aberta,CIDADE JARDIM,05.676-120,SP
EZ TEC EMPREEND. E PARTICIPAÇÕES S/A,EZ TEC EMPREENDIMENTOS E PARTICIPACOES S/A,08.312.229/0001-73,Incorporação de empreendimentos imobiliários,41.10-7-00,ATIVA,,01/09/2006,legal_arfran@uol.com.br,(11) 5056-8300,MATRIZ,204-6 - Sociedade Anônima Aberta,IBIRAPUERA,04.501-002,SP
CIA ENERGÉTICA DO RIO GRANDE DO NORTE,COMPANHIA ENERGETICA DO RIO GRANDE DO NORTE COSERN,08.324.196/0001-81,Distribuição de energia elétrica,35.14-0-00,ATIVA,,28/10/1966,,(84) 2156-107,MATRIZ,204-6 - Sociedade Anônima Aberta,BALDO,59.025-250,RN
MRV ENGENHARIA E PARTICIPAÇÕES S/A,MRV ENGENHARIA E PARTICIPACOES SA,08.343.492/0001-20,Incorporação de empreendimentos imobiliários,41.10-7-00,ATIVA,,29/09/2006,nucleofiscal-bh@mrv.com.br,(31) 3614-6968,MATRIZ,204-6 - Sociedade Anônima Aberta,ESTORIL,30.455-610,MG
ALUPAR INVESTIMENTO S/A,ALUPAR INVESTIMENTO S.A.,08.364.948/0001-38,Holdings de instituições não-financeiras,64.62-0-00,ATIVA,,04/10/2006,fiscal@alupar.com.br,(11) 4571-2400,MATRIZ,204-6 - Sociedade Anônima Aberta,VILA OLIMPIA,04.547-006,SP
GUARARAPES CONFECÇÕES SA,GUARARAPES CONFECCOES S/A,08.402.943/0001-52,"Confecção de peças de vestuário, exceto roupas íntimas e as confeccionadas sob medida",14.12-6-01,ATIVA,GUARARAPES,25/08/1966,,,MATRIZ,204-6 - Sociedade Anônima Aberta,DISTRITO INDUSTRIAL,59.115-900,RN
CPFL ENERGIAS RENOVÁVEIS S.A.,CPFL ENERGIAS RENOVAVEIS S.A.,08.439.659/0001-50,Holdings de instituições não-financeiras,64.62-0-00,ATIVA,CPFL RENOVAVEIS,23/10/2006,backofficetributario@cpfl.com.br,(19) 3756-8020/ (19) 3825-4121,MATRIZ,204-6 - Sociedade Anônima Aberta,JARDIM PROFESSORA TARCILIA,13.087-397,SP
CIA ESTADUAL DE DISTRIBUIÇÃO DE ENERGIA ELETRICA,COMPANHIA ESTADUAL DE DISTRIBUICAO DE ENERGIA ELETRICA - CEEE-D,08.467.115/0001-00,Distribuição de energia elétrica,35.14-0-00,ATIVA,CEEE DISTRIBUICAO,28/11/2006,dct@ceee.com.br,(51) 3382-4332,MATRIZ,203-8 - Sociedade de Economia Mista,JARDIM CARVALHO,91.410-400,RS
RENOVA ENERGIA S/A,RENOVA ENERGIA S/A,08.534.605/0001-74,Holdings de instituições não-financeiras,64.62-0-00,ATIVA,,19/12/2006,fiscal@renovaenergia.com.br,(71) 3271-5310,MATRIZ,204-6 - Sociedade Anônima Aberta,JARDIM DAS ACACIAS,04.707-000,SP
COMPANHIA CELG DE PARTICIPAÇÕES,COMPANHIA CELG DE PARTICIPACOES - CELGPAR,08.560.444/0001-93,Holdings de instituições não-financeiras,64.62-0-00,ATIVA,CELGPAR (COMPANHIA),29/12/2006,eduardo.js@celggt.com,(62) 3612-3951 / (62) 3912-3951,MATRIZ,203-8 - Sociedade de Economia Mista,JARDIM GOIAS,74.805-070,GO
PRÁTICA KLIMAQUIP INDÚSTRIA E COMÉRCIO S.A.,PRATICA KLIMAQUIP INDUSTRIA E COMERCIO S.A.,08.574.411/0001-00,"Fabricação de máquinas e aparelhos de refrigeração e ventilação para uso industrial e comercial, peças e acessórios",28.23-2-00,ATIVA,,20/12/2006,mv@praticafornos.com.br,(35) 3449-1200,MATRIZ,204-6 - Sociedade Anônima Aberta,IPIRANGA,37.556-140,MG
BRASIL BROKERS PARTICIPAÇÕES SA,BRASIL BROKERS PARTICIPACOES S.A.,08.613.550/0001-98,Holdings de instituições não-financeiras,64.62-0-00,ATIVA,,22/01/2007,juridicobbrk@brbrokers.com.br,(21) 3433-3039 / (21) 2253-4242,MATRIZ,204-6 - Sociedade Anônima Aberta,BARRA DA TIJUCA,22.631-003,RJ
BRC SECURITIZADORA SA,BRC SECURITIZADORA S.A.,08.653.753/0001-08,Securitização de créditos,64.92-1-00,ATIVA,,09/01/2007,office.service@terra.com.br,(11) 4058-0000,MATRIZ,205-4 - Sociedade Anônima Fechada,JARDIM EUROPA,01.455-000,SP
GENERAL SHOPPING E OUTLETS DO BRASIL S.A.,GENERAL SHOPPING E OUTLETS DO BRASIL S.A,08.764.621/0001-53,Incorporação de empreendimentos imobiliários,41.10-7-00,ATIVA,,30/03/2007,fiscal@generalshopping.com.br,(11) 3159-5100,MATRIZ,204-6 - Sociedade Anônima Aberta,CONSOLACAO,01.228-200,SP
MAESTRO LOCADORA DE VEÍCULOS S.A.,MAESTRO LOCADORA DE VEICULOS S.A.,08.795.211/0001-70,Locação de automóveis sem condutor,77.11-0-00,ATIVA,MAESTRO TERCEIRIZACAO DE FROTAS,05/04/2007,fiscal@maestrofrotas.com.br,(11) 4785-0200,MATRIZ,204-6 - Sociedade Anônima Aberta,VILA CERCADO GRANDE,06.804-010,SP
CYRELA COMMERCIAL PROPERTIES SA EMP  PART,CYRELA COMMERCIAL PROPERTIES S.A. EMPREENDIMENTOS E PARTICIPACOES,08.801.621/0001-86,Incorporação de empreendimentos imobiliários,41.10-7-00,ATIVA,,03/05/2007,,(11) 2079-2713,MATRIZ,204-6 - Sociedade Anônima Aberta,ITAIM BIBI,04.538-132,SP
ESTACIO PARTICIPAÇÕES SA,ESTACIO PARTICIPACOES S/A,08.807.432/0001-10,Holdings de instituições não-financeiras,64.62-0-00,ATIVA,YDUQS,03/05/2007,fiscal@estacio.br,(21) 2503-7777/ (21) 2503-7745,MATRIZ,204-6 - Sociedade Anônima Aberta,SAUDE,20.081-311,RJ
TRISUL S/A,TRISUL S.A.,08.811.643/0001-27,Holdings de instituições não-financeiras,64.62-0-00,ATIVA,,24/04/2007,trisul@trisul-sa.com.br,(11) 3147-0000/ (11) 3147-0000,MATRIZ,204-6 - Sociedade Anônima Aberta,PARAISO,01.311-902,SP
DOMMO ENERGIA S.A.,DOMMO ENERGIA S.A.,08.926.302/0001-05,Extração de petróleo e gás natural,06.00-0-01,ATIVA,,09/07/2007,bernardo.duarte@dommoenergia.com.br,(21) 2196-4550 / (21) 2196-4504,MATRIZ,204-6 - Sociedade Anônima Aberta,BOTAFOGO,22.290-906,RJ
LOG COMMERCIAL PROPERTIES E PARTICIPAÇÕES S.A.,LOG COMMERCIAL PROPERTIES E PARTICIPACOES S.A,09.041.168/0001-10,Aluguel de imóveis próprios,68.10-2-02,ATIVA,LOG COMMERCIAL PROPERTIES,25/07/2007,nucleofiscal-bh@mrv.com.br,(31) 3614-6965/ (31) 3614-6968,MATRIZ,204-6 - Sociedade Anônima Aberta,ESTORIL,30.455-610,MG
OSX BRASIL S.A. – EM RECUPERAÇÃO JUDICIAL,OSX BRASIL SA EM RECUPERACAO JUDICIAL,09.112.685/0001-32,"Outras sociedades de participação, exceto holdings",64.63-8-00,ATIVA,,03/10/2007,thainara.azeredo@osx.com.br,(21) 3237-5310 / (21) 3237-5200,MATRIZ,204-6 - Sociedade Anônima Aberta,BOTAFOGO,22.290-906,RJ
OMEGA GERAÇÃO S.A.,OMEGA GERACAO S.A.,09.149.503/0001-06,"Outras sociedades de participação, exceto holdings",64.63-8-00,ATIVA,,26/09/2007,fiscal@omegaenergia.com.br,(31) 2513-3500,MATRIZ,204-6 - Sociedade Anônima Aberta,BARRO PRETO,30.190-130,MG
ANIMA HOLDING S/A,ANIMA HOLDING S.A.,09.288.252/0001-32,Atividades de consultoria em gestão empresarial,70.20-4-00,ATIVA,,03/12/2007,fiscal@animaeducacao.com.br,(31) 3319-9451 / (11) 5105-4444,MATRIZ,204-6 - Sociedade Anônima Aberta,VILA MADALENA,05.443-001,SP
TECHNOS SA,TECHNOS SA,09.295.063/0001-97,Holdings de instituições não-financeiras,64.62-0-00,ATIVA,,06/12/2007,brunocraveiro@plbrasil.com.br,(21) 3550-9150 / (11) 5564-0037,MATRIZ,204-6 - Sociedade Anônima Aberta,BARRA DA TIJUCA,22.640-102,RJ
AZUL S.A.,AZUL S.A.,09.305.994/0001-29,Holdings de instituições não-financeiras,64.62-0-00,ATIVA,,16/01/2008,tributario@voeazul.com.br,(11) 4134-9800,MATRIZ,204-6 - Sociedade Anônima Aberta,TAMBORE,06.460-040,SP
"B3 S.A. – BRASIL, BOLSA, BALCÃO","B3 S.A. - BRASIL, BOLSA, BALCAO",09.346.601/0001-25,Bolsa de mercadorias e futuros,66.11-8-03,ATIVA,,21/12/2007,,(11) 2565-4000,MATRIZ,204-6 - Sociedade Anônima Aberta,CENTRO,01.010-901,SP
PDG COMPANHIA SECURITIZADORA – EM RECUPERAÇÃO JUDICIAL,PDG COMPANHIA SECURITIZADORA,09.538.973/0001-53,Securitização de créditos,64.92-1-00,ATIVA,,04/04/2008,fiscal.csc@pdg.com.br,(11) 4383-7000,MATRIZ,205-4 - Sociedade Anônima Fechada,VILA OLIMPIA,04.548-005,SP
INTER CONSTRUTORA E INCORPORADORA S.A,INTER CONSTRUTORA E INCORPORADORA S.A,09.611.768/0001-76,Incorporação de empreendimentos imobiliários,41.10-7-00,ATIVA,,03/06/2008,brunocapute@interconstrutora.com.br,(32) 3237-1540,MATRIZ,204-6 - Sociedade Anônima Aberta,SAO MATEUS,36.025-275,MG
COMPANHIA DE LOCAÇÃO DAS AMERICAS,COMPANHIA DE LOCACAO DAS AMERICAS,10.215.988/0001-60,Locação de automóveis sem condutor,77.11-0-00,ATIVA,,23/07/2008,fiscal@unidas.com.br,(31) 3319-1500/ (11) 3155-5188,MATRIZ,204-6 - Sociedade Anônima Aberta,CERQUEIRA CESAR,01.418-000,SP
AFLUENTE TRANSMISSÃO DE ENERGIA ELETRICA S/A,AFLUENTE TRANSMISSAO DE ENERGIA ELETRICA S.A.,10.338.320/0001-00,Holdings de instituições não-financeiras,64.62-0-00,ATIVA,,08/09/2008,federais.redes@neoenergia.com,(21) 2253-5252,MATRIZ,204-6 - Sociedade Anônima Aberta,FLAMENGO,22.210-030,RJ
ADVANCED DIGITAL HEALTH MEDICINA PREVENTIVA S.A.,ADVANCED DIGITAL HEALTH MEDICINA PREVENTIVA S.A.,10.345.009/0001-98,Outras atividades de atenção à saúde humana não especificadas anteriormente,86.90-9-99,ATIVA,ADVANCED DIGITAL HEALTH,22/08/2008,dri@advanced-dh.com,(11) 3434-6578 / (41) 3320-7373,MATRIZ,204-6 - Sociedade Anônima Aberta,PINHEIROS,05.425-070,SP
PETRO RIO S.A.,PETRO RIO S.A.,10.629.105/0001-68,Holdings de instituições não-financeiras,64.62-0-00,ATIVA,,11/02/2009,,(21) 2245-8478,MATRIZ,204-6 - Sociedade Anônima Aberta,BOTAFOGO,22.250-040,RJ
CVC BRASIL OPERADORA E AGÊNCIA DE VIAGENS SA,CVC BRASIL OPERADORA E AGENCIA DE VIAGENS S.A.,10.760.260/0001-19,Agências de viagens,79.11-2-00,ATIVA,,09/04/2009,fiscal@cvc.com.br,(11) 2191-1000/ (11) 2123-2100,MATRIZ,204-6 - Sociedade Anônima Aberta,JARDIM,09.080-370,SP
CIA ENERGÉTICA DE PERNAMBUCO – CELPE,COMPANHIA ENERGETICA DE PERNAMBUCO,10.835.932/0001-08,Distribuição de energia elétrica,35.14-0-00,ATIVA,CELPE,04/11/1966,bete@celpe.com.br,(81) 3217-5226,MATRIZ,204-6 - Sociedade Anônima Aberta,BOA VISTA,50.050-902,PE
FLEX GESTÃO DE RELACIONAMENTO S.A.,FLEX GESTAO DE RELACIONAMENTOS S.A.,10.851.805/0001-00,Atividades de teleatendimento,82.20-2-00,ATIVA,FLEX GESTAO DE RELACIONAMENTOS,27/05/2009,contabilidade@flexcontact.com.br,(48) 3037-9100/ (48) 3037-9176,MATRIZ,204-6 - Sociedade Anônima Aberta,JARDIM PAULISTANO,01.452-911,SP
BRASIL PHARMA SA – EM RECUPERAÇÃO JUDICIAL,BRASIL PHARMA S.A.,11.395.624/0001-71,Holdings de instituições não-financeiras,64.62-0-00,ATIVA,,07/12/2009,priscila.rodrigues@brph.com.br,(11) 2117-5253/ (11) 3084-4621,MATRIZ,204-6 - Sociedade Anônima Aberta,PINHEIROS,05.422-902,SP
ENAUTA PARTICIPAÇÕES S.A.,ENAUTA PARTICIPACOES S.A.,11.669.021/0001-10,Holdings de instituições não-financeiras,64.62-0-00,ATIVA,,11/03/2010,eduardoduarte@edconsultores.com.br,(21) 2225-4444,MATRIZ,204-6 - Sociedade Anônima Aberta,CENTRO,20.031-918,RJ
ALPER CONSULTORIA E CORRETORA DE SEGUROS S.A.,ALPER CONSULTORIA E CORRETORA DE SEGUROS S.A.,11.721.921/0001-60,"Corretores e agentes de seguros, de planos de previdência complementar e de saúde",66.22-3-00,ATIVA,,15/03/2010,fiscal@alperseguros.com.br,(11) 3175-2900,MATRIZ,204-6 - Sociedade Anônima Aberta,PINHEIROS,05.425-020,SP
QUALICORP SA,QUALICORP CONSULTORIA E CORRETORA DE SEGUROS S.A.,11.992.680/0001-93,"Corretores e agentes de seguros, de planos de previdência complementar e de saúde",66.22-3-00,ATIVA,,19/05/2010,aarrais@qualicorp.com.br,(11) 3191-3825,MATRIZ,204-6 - Sociedade Anônima Aberta,BELA VISTA,01.313-020,SP
MOURA DUBEUX ENGENHARIA S/A,MOURA DUBEUX ENGENHARIA S/A,12.049.631/0001-84,Construção de edifícios,41.20-4-00,ATIVA,,01/09/1987,contabil@mouradubeux.com.br,(81) 3325-8000,MATRIZ,204-6 - Sociedade Anônima Aberta,PINA,51.011-050,PE
TRUE SECURITIZADORA S.A.,TRUE SECURITIZADORA S.A.,12.130.744/0001-00,Securitização de créditos,64.92-1-00,ATIVA,,14/06/2010,linkcct@uol.com.br,(11) 2095-3460/ (11) 2292-2279,MATRIZ,204-6 - Sociedade Anônima Aberta,VILA NOVA CONCEICAO,04.506-000,SP
POLO CAPITAL SECURITIZADORA S/A,POLO CAPITAL SECURITIZADORA S.A.,12.261.588/0001-16,Securitização de créditos,64.92-1-00,ATIVA,,06/07/2010,,(21) 2101-2257 / (21) 2112-2592 / (12) 1012-278,MATRIZ,205-4 - Sociedade Anônima Fechada,LEBLON,22.440-033,RJ
BANCO DO ESTADO DE SERGIPE SA,BANCO DO ESTADO DE SERGIPE S/A,13.009.717/0001-46,"Bancos múltiplos, com carteira comercial",64.22-1-00,ATIVA,,09/09/1966,luiz.santana@banese.com.br,(79) 3218-1232/ (79) 8854-7372,MATRIZ,203-8 - Sociedade de Economia Mista,INACIO BARBOSA,49.040-840,SE
GRUPO SBF S.A.,GRUPO SBF S.A.,13.217.485/0001-11,Holdings de instituições não-financeiras,64.62-0-00,ATIVA,,31/01/2011,,(11) 3879-2800,MATRIZ,205-4 - Sociedade Anônima Fechada,LAPA,05.038-090,SP
BK BRASIL OPERAÇÃO E ASSESSORIA A RESTAURANTES S.A.,BK BRASIL OPERACAO E ASSESSORIA A RESTAURANTES S.A.,13.574.594/0001-96,"Lanchonetes, casas de chá, de sucos e similares",56.11-2-03,ATIVA,,19/04/2011,licenciamento@burgerking.com.br,(11) 2397-0320,MATRIZ,204-6 - Sociedade Anônima Aberta,ALPHAVILLE CENTRO INDUSTRIAL E EMPRESARIAL/ALPHAVI,06.455-020,SP
ELEKEIROZ S/A,ELEKEIROZ S/A,13.788.120/0001-47,"Fabricação de intermediários para plastificantes, resinas e fibras",20.22-3-00,ATIVA,ELEKEIROZ,19/08/1969,,(11) 4596-8908/ (11) 4596-8908,MATRIZ,204-6 - Sociedade Anônima Aberta,VILA BELA CINTRA,13.224-030,SP
SANSUY SA INDÚSTRIA  DE PLASTICOS,SANSUY S/A INDUSTRIA DE PLASTICOS EM RECUPERACAO JUDICIAL,14.807.945/0001-24,"Fabricação de tecidos especiais, inclusive artefatos",13.54-5-00,ATIVA,SANSUY DO NORDESTE,03/10/1979,nomura@sansuy.com.br,(71) 3493-9900/ (11) 2139-2684,MATRIZ,204-6 - Sociedade Anônima Aberta,AREA INDL LESTE,42.810-240,BA
GAIA AGRO SECURITIZADORA S.A.,GAIA AGRO SECURITIZADORA S.A.,14.876.090/0001-93,Securitização de créditos,64.92-1-00,ATIVA,,09/01/2012,,(11) 3047-1010,MATRIZ,204-6 - Sociedade Anônima Aberta,VILA NOVA CONCEICAO,04.544-050,SP
CORREA RIBEIRO SA COM IND,CORREA RIBEIRO SA COMERCIO E INDUSTRIA,15.101.405/0001-93,Compra e venda de imóveis próprios,68.10-2-01,ATIVA,,01/08/1966,rodrigo@crci.com.br,(71) 2137-4606 / (71) 3483-2027,MATRIZ,204-6 - Sociedade Anônima Aberta,CAMINHO DAS ARVORES,41.820-021,BA
TRONOX PIGMENTOS DO BRASIL S.A.,TRONOX PIGMENTOS DO BRASIL S.A,15.115.504/0001-24,Fabricação de outros produtos químicos inorgânicos não especificados anteriormente,20.19-3-99,ATIVA,,08/05/1967,joceni.marques@tronox.com,(71) 3634-9067,MATRIZ,204-6 - Sociedade Anônima Aberta,AREMBEPE (ABRANTES),42.829-710,BA
CIA ELETRICIDADE DA BAHIA,COMPANHIA DE ELETRICIDADE DO ESTADO DA BAHIA COELBA,15.139.629/0001-94,Distribuição de energia elétrica,35.14-0-00,ATIVA,,22/09/1966,fiscal@coelba.com.br,(71) 3370-5516/ (71) 3370-5408,MATRIZ,204-6 - Sociedade Anônima Aberta,CABULA VI,41.181-900,BA
CIA FERRO LIGAS BAHIA FERBASA,CIA DE FERRO LIGAS DA BAHIA FERBASA,15.141.799/0001-03,Produção de ferroligas,24.12-1-00,ATIVA,,23/09/1966,,,MATRIZ,204-6 - Sociedade Anônima Aberta,SANTIAGO,48.120-000,BA
CIA SEGUROS ALIANCA BAHIA,COMPANHIA DE SEGUROS ALIANCA DA BAHIA,15.144.017/0001-90,Sociedade seguradora de seguros não vida,65.12-0-00,ATIVA,,19/09/1958,lins@alba.com.br,(71) 3616-1006/ (71) 3616-1005,MATRIZ,204-6 - Sociedade Anônima Aberta,COMERCIO,40.015-020,BA
BIOSEV S.A.,BIOSEV S.A.,15.527.906/0001-36,Fabricação de açúcar em bruto,10.71-6-00,ATIVA,BIOSEV S.A.,01/09/1982,lourival.brito@biosev.com,(11) 3092-5200,MATRIZ,204-6 - Sociedade Anônima Aberta,JARDIM PAULISTANO,01.452-919,SP
SUZANO S.A.,SUZANO S.A.,16.404.287/0001-55,Fabricação de celulose e outras pastas para a fabricação de papel,17.10-9-00,ATIVA,SUZANO PAPEL E CELULOSE,17/12/1987,regularidades@suzano.com.br,(11) 3636-5797/ (11) 3636-5149,MATRIZ,204-6 - Sociedade Anônima Aberta,PITUBA,41.810-012,BA
AREZZO INDÚSTRIA E COMERCIO S/A,AREZZO INDUSTRIA E COMERCIO S.A.,16.590.234/0001-76,Comércio atacadista de calçados,46.43-5-01,ATIVA,AREZZO,14/09/1972,obrigacoesfiscais@arezzo.com.br,(51) 2129-5000/ (51) 2129-5399,MATRIZ,204-6 - Sociedade Anônima Aberta,SAVASSI,30.112-000,MG
DIRECIONAL ENGENHARIA SA,DIRECIONAL ENGENHARIA S/A,16.614.075/0001-00,Construção de edifícios,41.20-4-00,ATIVA,,06/03/1981,empresarial@direcional.com.br,(31) 3431-5686,MATRIZ,204-6 - Sociedade Anônima Aberta,SANTA EFIGENIA,30.150-270,MG
LOCALIZA RENT A CAR SA,LOCALIZA RENT A CAR SA,16.670.085/0001-55,Locação de automóveis sem condutor,77.11-0-00,ATIVA,LOCALIZA RENT A CAR,28/09/1973,tributario@localiza.com,(31) 3247-7915,MATRIZ,204-6 - Sociedade Anônima Aberta,CACHOEIRINHA,31.150-000,MG
CIA ENERG MINAS GERAIS – CEMIG,COMPANHIA ENERGETICA DE MINAS GERAIS-CEMIG,17.155.730/0001-64,Distribuição de energia elétrica,35.14-0-00,ATIVA,EST UNIF,27/05/1952,ediramos@cemig.com.br,(31) 3213-4423,MATRIZ,203-8 - Sociedade de Economia Mista,SANTO AGOSTINHO,30.190-131,MG
MINASMAQUINAS SA,MINASMAQUINAS SA,17.161.241/0001-15,Comércio por atacado de caminhões novos e usados,45.11-1-04,ATIVA,,19/08/1966,,,MATRIZ,204-6 - Sociedade Anônima Aberta,BANDEIRANTES,32.140-000,MG
MENDES JUNIOR ENGENHARIA SA,MENDES JUNIOR ENGENHARIA S.A,17.162.082/0001-73,Construção de obras-de-arte especiais,42.12-0-00,ATIVA,,01/08/1966,geraldo.mello@mendesjuniorengenharia.com.br,(31) 2121-9920 / (0031) 2179-777,MATRIZ,204-6 - Sociedade Anônima Aberta,BOA VIAGEM,30.130-183,MG
ALFA HOLDINGS SA,ALFA HOLDINGS S.A.,17.167.396/0001-69,Holdings de instituições financeiras,64.61-1-00,ATIVA,,10/08/1966,,,MATRIZ,204-6 - Sociedade Anônima Aberta,PARAISO,01.418-000,SP
FINANCEIRA ALFA S.A.- C.F.I,"FINANCEIRA ALFA S.A. CREDITO, FINANCIAMENTO E INVESTIMENTOS",17.167.412/0001-13,"Sociedades de crédito, financiamento e investimento - financeiras",64.36-1-00,ATIVA,,23/09/1966,,,MATRIZ,204-6 - Sociedade Anônima Aberta,CERQUEIRA CESAR,01.418-000,SP
BANCO MERCANTIL BRASIL SA,BANCO MERCANTIL DO BRASIL SA,17.184.037/0001-10,"Bancos múltiplos, com carteira comercial",64.22-1-00,ATIVA,,28/09/1966,mb.controladoria@mercantil.com.br,(31) 3057-6292,MATRIZ,204-6 - Sociedade Anônima Aberta,CENTRO,30.160-912,MG
CONSORCIO ALFA DE ADMINISTRAÇÃO SA,CONSORCIO ALFA DE ADMINISTRACAO S.A,17.193.806/0001-46,Holdings de instituições financeiras,64.61-1-00,ATIVA,,27/09/1966,,,MATRIZ,204-6 - Sociedade Anônima Aberta,CERQUEIRA CESAR,01.418-000,SP
COMPANHIA DE FIACAO E TECIDOS CEDRO E CACHOEIRA,CIA DE FIACAO E TECIDOS CEDRO E CACHOEIRA,17.245.234/0001-00,Serviços combinados de escritório e apoio administrativo,82.11-3-00,ATIVA,,07/01/1966,contabil@cedro.ind.br,(31) 3235-5224/ (31) 3235-5229,MATRIZ,204-6 - Sociedade Anônima Aberta,FUNCIONARIOS,30.130-917,MG
COMPANHIA DE SANEAMENTO DE MINAS GERAIS,COMPANHIA DE SANEAMENTO DE MINAS GERAIS COPASA MG,17.281.106/0001-03,"Captação, tratamento e distribuição de água",36.00-6-01,ATIVA,COPASA MG,24/08/1966,usat@copasa.com.br,(31) 3250-1548,MATRIZ,203-8 - Sociedade de Economia Mista,SANTO ANTONIO,30.330-270,MG
INTERNATIONAL MEAL COMPANY ALIMENTAÇÃO S.A.,INTERNATIONAL MEAL COMPANY ALIMENTACAO S.A.,17.314.329/0001-20,Restaurantes e similares,56.11-2-01,ATIVA,,26/01/1968,imcalimentacao@grupoastec.com.br,(11) 3041-9500,MATRIZ,204-6 - Sociedade Anônima Aberta,JARDIM UNIVERSIDADE PINHEIROS,05.477-902,SP
BB SEGURIDADE PARTICIPAÇÕES S.A.,BB SEGURIDADE PARTICIPACOES S.A.,17.344.597/0001-94,Holdings de instituições não-financeiras,64.62-0-00,ATIVA,BB SEGURIDADE,27/12/2012,diseg@bb.com.br,(61) 3102-7702,MATRIZ,204-6 - Sociedade Anônima Aberta,ASA NORTE,70.040-912,DF
COSAN LOGÍSTICA S.A.,COSAN LOGISTICA S/A,17.346.997/0001-39,Holdings de instituições não-financeiras,64.62-0-00,ATIVA,,28/11/2012,fiscalizacaocar@raizen.com,(19) 3423-5000,MATRIZ,204-6 - Sociedade Anônima Aberta,ITAIM BIBI,04.538-132,SP
PORTO SUDESTE V.M. S.A.,PORTO SUDESTE V.M. S/A,18.494.485/0001-82,"Outras sociedades de participação, exceto holdings",64.63-8-00,ATIVA,,15/07/2013,ane.jesus@portosudeste.com,(21) 2163-6190,MATRIZ,205-4 - Sociedade Anônima Fechada,ILHA DA MADEIRA,23.826-580,RJ
PRINER SERVIÇOS INDUSTRIAIS S.A.,PRINER SERVICOS INDUSTRIAIS S.A,18.593.815/0001-97,Montagem e desmontagem de andaimes e outras estruturas temporárias,43.99-1-02,ATIVA,,31/07/2013,simone.dias@priner.com.br,(21) 3544-3147,MATRIZ,204-6 - Sociedade Anônima Aberta,FREGUESIA,22.760-401,RJ
INSTITUTO HERMES PARDINI S/A,INSTITUTO HERMES PARDINI S/A,19.378.769/0001-76,Atividades de serviços de complementação diagnóstica e terapêutica não especificadas anteriormente,86.40-2-99,ATIVA,,02/02/1977,rodrigo.duarte@hermespardini.com.br,(31) 3629-6200,MATRIZ,204-6 - Sociedade Anônima Aberta,FUNCIONARIOS,30.140-070,MG
COMPANHIA INDUSTRIAL CATAGUASES,COMPANHIA INDUSTRIAL CATAGUASES,19.526.748/0001-50,Tecelagem de fios de algodão,13.21-9-00,ATIVA,,14/09/1966,celso@cataguases.com.br,(32) 3422-2211/ (32) 3422-3477,MATRIZ,204-6 - Sociedade Anônima Aberta,VILA TEREZA,36.772-010,MG
NOTRE DAME INTERMÉDICA PARTICIPAÇÕES S.A.,NOTRE DAME INTERMEDICA PARTICIPACOES S.A.,19.853.511/0001-84,Holdings de instituições não-financeiras,64.62-0-00,ATIVA,,11/03/2014,gilson.ramos@intermedica.com.br,(11) 3155-2000,MATRIZ,205-4 - Sociedade Anônima Fechada,BELA VISTA,01.311-100,SP
OURO FINO SAÚDE ANIMAL PARTICIPAÇÕES S.A.,OURO FINO SAUDE ANIMAL PARTICIPACOES S.A.,20.258.278/0001-70,Holdings de instituições não-financeiras,64.62-0-00,ATIVA,,15/05/2014,juridico@ourofino.com,(16) 3518-2898,MATRIZ,204-6 - Sociedade Anônima Aberta,DISTRITO INDUSTRIAL,14.140-000,SP
CIA TECIDOS SANTANENSE,COMPANHIA TECIDOS SANTANENSE,21.255.567/0001-89,Tecelagem de fios de algodão,13.21-9-00,ATIVA,,23/10/1891,,(38) 3215-1358,MATRIZ,204-6 - Sociedade Anônima Aberta,J.K.,39.404-006,MG
MOVIDA PARTICIPAÇÕES S.A.,MOVIDA PARTICIPACOES S.A.,21.314.559/0001-66,Locação de automóveis sem condutor,77.11-0-00,ATIVA,,30/10/2014,nfe@movidafrotas.com.br,(11) 2377-7000/ (11) 2377-7043,MATRIZ,204-6 - Sociedade Anônima Aberta,ITAIM BIBI,04.530-001,SP
FERTILIZANTES HERINGER S.A. – EM RECUPERAÇÃO JUDICIAL,FERTILIZANTES HERINGER S.A.,22.266.175/0001-88,"Fabricação de adubos e fertilizantes, exceto organo-minerais",20.13-4-02,ATIVA,FERTILIZANTES HERINGER,22/01/1973,fiscalcorporativo@heringer.com.br,(27) 2122-2200/ (19) 3322-2364,MATRIZ,204-6 - Sociedade Anônima Aberta,PARQUE INDUSTRIAL,29.136-519,ES
CIA TECIDOS NORTE DE MINAS – COTEMINAS,COMPANHIA DE TECIDOS NORTE DE MINAS COTEMINAS,22.677.520/0001-76,Fiação de fibras artificiais e sintéticas,13.13-8-00,ATIVA,COTEMINAS,18/12/1967,nfe-sp@coteminas.com.br,(11) 2145-4400/ (11) 2145-4428,MATRIZ,204-6 - Sociedade Anônima Aberta,DISTRITO INDUSTRIAL,39.404-005,MG
RUMO MALHA NORTE S.A.,RUMO MALHA NORTE S.A,24.962.466/0001-36,Transporte ferroviário de carga,49.11-6-00,ATIVA,RUMO MALHA NORTE,05/10/1988,fiscalizacaocar@raizen.com,(19) 3423-8000 / (011) 8294-775,MATRIZ,204-6 - Sociedade Anônima Aberta,PARQUE INDUSTRIAL INTERMODAL DE RONDONOPOLIS,78.746-860,MT
MILLS ESTRUTURAS E SERVIÇOS DE ENGENHARIA S/A,MILLS ESTRUTURAS E SERVICOS DE ENGENHARIA S/A,27.093.558/0001-15,Aluguel de andaimes,77.32-2-02,ATIVA,,27/01/1981,fiscal@mills.com.br,(21) 2132-4338,MATRIZ,204-6 - Sociedade Anônima Aberta,TAQUARA,22.713-002,RJ
BANESTES SA BANCO DO ESTADO DO ESPIRITO SANTO,BANESTES SA BANCO DO ESTADO DO ESPIRITO SANTO,28.127.603/0001-78,"Bancos múltiplos, com carteira comercial",64.22-1-00,ATIVA,BANESTES,08/08/1966,secre@banestes.com.br,(27) 3383-1588,MATRIZ,203-8 - Sociedade de Economia Mista,CENTRO,29.010-930,ES
BANCO ABC BRASIL S/A,BANCO ABC BRASIL S.A.,28.195.667/0001-06,"Bancos múltiplos, com carteira comercial",64.22-1-00,ATIVA,,30/12/1983,,(11) 3170-2000,MATRIZ,204-6 - Sociedade Anônima Aberta,ITAIM BIBI,01.453-000,SP
SÃO CARLOS EMPREENDS E PARTICIPAÇÕES S.A,SAO CARLOS EMPREENDIMENTOS E PARTICIPACOES S.A,29.780.061/0001-09,Aluguel de imóveis próprios,68.10-2-02,ATIVA,,22/10/1985,,(11) 3048-5440,MATRIZ,204-6 - Sociedade Anônima Aberta,VILA NOVA CONCEICAO,04.543-904,SP
NORTEC QUIMICA S.A.,NORTEC QUIMICA S.A.,29.950.060/0001-57,Fabricação de produtos farmoquímicos,21.10-6-00,ATIVA,NORTEC,06/01/1986,wallas.cardoso@nortecquimica.com.br,(21) 3651-7300/ (21) 3501-7300,MATRIZ,204-6 - Sociedade Anônima Aberta,MANTIQUIRA,25.250-612,RJ
SUL AMERICA S/A,SUL AMERICA S A,29.978.814/0001-87,Holdings de instituições não-financeiras,64.62-0-00,ATIVA,,11/04/1978,barbara.ferreira@sulamerica.com.br,(21) 2506-4323 / (21) 2506-8197,MATRIZ,204-6 - Sociedade Anônima Aberta,CIDADE NOVA,20.211-903,RJ
BANCO BTG PACTUAL S/A,BANCO BTG PACTUAL S.A.,30.306.294/0001-45,"Bancos múltiplos, com carteira comercial",64.22-1-00,ATIVA,,05/06/1979,,(21) 3262-9757,MATRIZ,204-6 - Sociedade Anônima Aberta,BOTAFOGO,22.250-911,RJ
HAGA S.A. INDÚSTRIA E COMÉRCIO,HAGA S/A INDUSTRIA E COMERCIO,30.540.991/0001-66,"Fabricação de artigos de serralheria, exceto esquadrias",25.42-0-00,ATIVA,,08/09/1966,haga@haga.com.br,(22) 2525-8000/ (22) 2525-8004,MATRIZ,204-6 - Sociedade Anônima Aberta,ROBADEY,28.605-220,RJ
NATURA & CO HOLDING S.A.,NATURA &CO HOLDING S.A.,32.785.497/0001-97,Holdings de instituições não-financeiras,64.62-0-00,ATIVA,,15/02/2019,a@a.com.br,(11) 9999-9999 / (11) 8888-8888 / (01) 9999-9999,MATRIZ,204-6 - Sociedade Anônima Aberta,PARQUE ANHANGUERA,05.106-000,SP
PETRÓLEO BRASILEIRO  S.A.  – PETROBRAS,PETROLEO BRASILEIRO S A PETROBRAS,33.000.167/0001-01,Fabricação de produtos do refino de petróleo,19.21-7-00,ATIVA,PETROBRAS,28/09/1966,atendimentofiscossco@petrobras.com.br,(21) 3224-8091/ (21) 3224-4477,MATRIZ,203-8 - Sociedade de Economia Mista,CENTRO,20.031-170,RJ
LOJAS AMERICANAS SA,LOJAS AMERICANAS S.A.,33.014.556/0001-96,"Comércio varejista de mercadorias em geral, com predominância de produtos alimentícios - supermercados",47.11-3-02,ATIVA,,01/08/1966,sede@lasa.com.br,(21) 2206-6708,MATRIZ,204-6 - Sociedade Anônima Aberta,SAUDE,20.081-902,RJ
MASSA FALIDA DE SAM INDUSTRIAS SA,SAM INDUSTRIAS S/A,33.017.039/0001-70,********,00.00-0-00,INAPTA,FICAP/MARVIN,12/03/1971,,,MATRIZ,204-6 - Sociedade Anônima Aberta,,,
JOAO FORTES ENGENHARIA SA,JOAO FORTES ENGENHARIA S A,33.035.536/0001-00,Incorporação de empreendimentos imobiliários,41.10-7-00,ATIVA,,17/09/1973,,(21) 2253-4239,MATRIZ,204-6 - Sociedade Anônima Aberta,BARRA DA TIJUCA,22.631-003,RJ
MERCANTIL DO BR FINC SA CFI,MERCANTIL DO BRASIL FINANCEIRA SA CREDITO FIN E INVEST,33.040.601/0001-87,"Sociedades de crédito, financiamento e investimento - financeiras",64.36-1-00,ATIVA,,30/11/1972,,,MATRIZ,204-6 - Sociedade Anônima Aberta,CENTRO,30.160-912,MG
VIA VAREJO S.A.,VIA VAREJO S/A,33.041.260/0652-90,Comércio varejista especializado de eletrodomésticos e equipamentos de áudio e vídeo,47.53-9-00,ATIVA,,07/08/2008,setorfiscal.csc@viavarejo.com.br,(11) 4225-6555,FILIAL,204-6 - Sociedade Anônima Aberta,CENTRO,09.510-125,SP
CIA SIDERURGICA NACIONAL,COMPANHIA SIDERURGICA NACIONAL,33.042.730/0001-04,"Produção de laminados planos de aço ao carbono, revestidos ou não",24.22-9-01,ATIVA,ESTABELECIMENTO UNIFICADO,08/08/1966,comunicacao@csn.com.br,(11) 3049-7100,MATRIZ,204-6 - Sociedade Anônima Aberta,ITAIM BIBI,04.538-132,SP
AMPLA ENERGIA E SERVIÇOS S.A.,AMPLA ENERGIA E SERVICOS S.A.,33.050.071/0001-58,Distribuição de energia elétrica,35.14-0-00,ATIVA,ENEL DISTRIBUICAO RIO,01/08/1966,fiscpro@enel.com,(21) 2716-1620,MATRIZ,204-6 - Sociedade Anônima Aberta,SAO DOMINGOS,24.210-200,RJ
MONTEIRO ARANHA SA,MONTEIRO ARANHA SA,33.102.476/0001-92,Holdings de instituições não-financeiras,64.62-0-00,ATIVA,,10/08/1966,,(21) 2555-0925,MATRIZ,204-6 - Sociedade Anônima Aberta,LEBLON,22.430-060,RJ
TECNOSOLO S/A – EM RECUPERAÇÃO JUDICIAL,TECNOSOLO ENGENHARIA S.A. EM RECUPERACAO JUDICIAL,33.111.246/0001-90,Obras de fundações,43.91-6-00,ATIVA,TECNOSOLO,11/08/1966,matriz@tecnosolo.com.br,(21) 3513-9999 / (21) 2223-4277 / (21) 3513-9998,MATRIZ,204-6 - Sociedade Anônima Aberta,TAQUARA - JACAREPAGUA,22.713-010,RJ
VALID SOLUÇÕES E SERVIÇOS DE SEGURANÇA EM MEIOS DE PAGAMENTO E IDENTIFICAÇÃO S.A.,VALID SOLUCOES S A,33.113.309/0001-47,Impressão de material de segurança,18.12-1-00,ATIVA,VALID,30/01/1969,fiscal.valid@valid.com,(21) 2195-7244/ (21) 2195-7250,MATRIZ,204-6 - Sociedade Anônima Aberta,SAO CRISTOVAO,20.930-390,RJ
HOTEIS OTHON SA,HOTEIS OTHON S.A. - EM RECUPERACAO JUDICIAL,33.200.049/0001-47,Hotéis,55.10-8-01,ATIVA,,31/12/1965,fiscal.ecen@othon.com.br,(21) 2125-0200,MATRIZ,204-6 - Sociedade Anônima Aberta,COPACABANA,22.060-001,RJ
WLM INDÚSTRIA E COMÉRCIO S.A.,WLM PARTICIPACOES E COMERCIO DE MAQUINAS E VEICULOS S.A.,33.228.024/0001-51,Holdings de instituições não-financeiras,64.62-0-00,ATIVA,WLM,06/09/1971,wlm@wlm.com.br,(21) 3974-6550/ (21) 3974-6880,MATRIZ,204-6 - Sociedade Anônima Aberta,FLAMENGO,22.210-901,RJ
ULTRAPAR PARTICIPAÇÕES SA,ULTRAPAR PARTICIPACOES S/A,33.256.439/0001-39,Holdings de instituições não-financeiras,64.62-0-00,ATIVA,,11/12/1953,wilson@ultra.com.br,(11) 3177-7246/ (11) 3177-6601,MATRIZ,204-6 - Sociedade Anônima Aberta,BELA VISTA,01.317-910,SP
IRB – BRASIL RESSEGUROS S.A.,IRB-BRASIL RESSEGUROS S.A.,33.376.989/0001-91,Resseguros,65.30-8-00,ATIVA,IRB BRASIL RE,14/09/1966,mlschnei@irb-brasilre.com.br,(21) 2272-0648 / (21) 2240-9320,MATRIZ,204-6 - Sociedade Anônima Aberta,CENTRO,20.020-901,RJ
SONDOTECNICA ENGENHARIA DE SOLOS S/A.,SONDOTECNICA ENGENHARIA DE SOLOS S A,33.386.210/0001-19,Serviços de engenharia,71.12-0-00,ATIVA,,11/06/1973,sondotecnica@sondotecnica.com.br,(21) 2102-7100,MATRIZ,204-6 - Sociedade Anônima Aberta,BOTAFOGO,22.270-900,RJ
REFINARIA PET MANGUINHOS SA,REFINARIA DE PETROLEOS DE MANGUINHOS S/A - EM RECUPERACAO JUDICIAL,33.412.081/0001-96,Fabricação de produtos do refino de petróleo,19.21-7-00,ATIVA,,30/07/1969,fiscal@delftconsult.com.br,(21) 3613-5530,MATRIZ,204-6 - Sociedade Anônima Aberta,BENFICA,20.930-041,RJ
TEKNO S.A. INDÚSTRIA E COMÉRCIO,TEKNO S.A. INDUSTRIA E COMERCIO,33.467.572/0001-34,Fabricação de outros produtos de metal não especificados anteriormente,25.99-3-99,ATIVA,,21/09/1966,,,MATRIZ,204-6 - Sociedade Anônima Aberta,VILA GUILHERME,02.060-040,SP
VALE S.A.,VALE S.A.,33.592.510/0001-54,Extração de minério de ferro,07.10-3-01,ATIVA,,11/02/1969,danilo.cidrini@vale.com,(21) 3485-3002,MATRIZ,204-6 - Sociedade Anônima Aberta,BOTAFOGO,22.250-145,RJ
GERDAU S.A.,GERDAU S.A.,33.611.500/0001-19,"Produção de laminados longos de aço, exceto tubos",24.23-7-02,ATIVA,GERDAU COSIGUA,09/03/1971,controlesocietario@gerdau.com.br,(11) 3094-6600,MATRIZ,204-6 - Sociedade Anônima Aberta,PINHEIROS,05.425-070,SP
VIVARA PARTICIPAÇÕES S.A.,VIVARA PARTICIPACOES S.A.,33.839.910/0001-11,Holdings de instituições não-financeiras,64.62-0-00,ATIVA,,05/06/2019,fiscal@vivara.com.br,(11) 3896-2517,MATRIZ,205-4 - Sociedade Anônima Fechada,VILA SAO FRANCISCO (ZONA SUL),04.711-904,SP
CIA. DISTRIB. DE GÁS DO RIO DE JANEIRO,COMPANHIA DISTRIBUIDORA DE GAS DO RIO DE JANEIRO - CEG,33.938.119/0001-69,Distribuição de combustíveis gasosos por redes urbanas,35.20-4-02,ATIVA,* CEG *,15/01/1970,ceg@gasnatural.com,(21) 3115-6565,MATRIZ,204-6 - Sociedade Anônima Aberta,CENTRO,20.071-004,RJ
UNIPAR CARBOCLORO S.A.,UNIPAR CARBOCLORO S.A.,33.958.695/0001-78,Fabricação de cloro e álcalis,20.11-8-00,ATIVA,,14/03/1972,controladoria@uniparcarbocloro.com.br,(11) 3704-4200,MATRIZ,204-6 - Sociedade Anônima Aberta,VILA NOVA CONCEICAO,04.543-011,SP
BANCO MERCANTIL DE INVESTIMENTOS S.A.,BANCO MERCANTIL DE INVESTIMENTOS SA,34.169.557/0001-72,Bancos de investimento,64.32-8-00,ATIVA,,23/04/1973,,,MATRIZ,204-6 - Sociedade Anônima Aberta,CENTRO,30.160-912,MG
PETROBRAS DISTRIBUIDORA SA,PETROBRAS DISTRIBUIDORA SA,34.274.233/0001-02,"Comércio atacadista de álcool carburante, biodiesel, gasolina e demais derivados de petróleo, exceto lubrificantes, não realizado por transportador retalhista (T.R.R.)",46.81-8-01,ATIVA,BR,12/05/1972,relacionamentofisco@br.com.br,(21) 2354-3151/ (21) 2354-3146,MATRIZ,204-6 - Sociedade Anônima Aberta,CIDADE NOVA,20.211-140,RJ
QUALITY SOFTWARE S.A.,QUALITY SOFTWARE S/A,35.791.391/0001-94,"Suporte técnico, manutenção e outros serviços em tecnologia da informação",62.09-1-00,ATIVA,,06/09/1989,anderson@quality.com.br,(21) 3147-3000,MATRIZ,205-4 - Sociedade Anônima Fechada,CENTRO,20.040-001,RJ
BRQ SOLUÇÕES EM INFORMÁTICA S.A.,BRQ SOLUCOES EM INFORMATICA S.A,36.542.025/0001-64,Desenvolvimento de programas de computador sob encomenda,62.01-5-01,ATIVA,,26/02/1993,documentacaobrq@brq.com,(21) 3211-9800/ (11) 2126-7000,MATRIZ,204-6 - Sociedade Anônima Aberta,EMPRESARIAL 18 DO FORTE,06.472-001,SP
BRASKEM S.A.,BRASKEM S.A,42.150.391/0001-70,Fabricação de produtos petroquímicos básicos,20.21-5-00,ATIVA,BRASKEM,12/03/1973,cadastroempresas@braskem.com,(71) 3504-7100,MATRIZ,204-6 - Sociedade Anônima Aberta,COMPL PETR CAMACARI,42.810-000,BA
LOG-IN LOGISTICA INTERMODAL SA,LOG-IN - LOGISTICA INTERMODAL S/A,42.278.291/0001-24,Operador de transporte multimodal - OTM,52.50-8-05,ATIVA,LOG-IN,05/10/1973,tributos@loginlogistica.com.br,(27) 3182-7198/ (21) 2111-6500,MATRIZ,204-6 - Sociedade Anônima Aberta,CENTRO,20.021-130,RJ
WIZ SOLUÇÕES E CORRETAGEM DE SEGUROS S.A.,WIZ SOLUCOES E CORRETAGEM DE SEGUROS S.A,42.278.473/0001-03,"Corretores e agentes de seguros, de planos de previdência complementar e de saúde",66.22-3-00,ATIVA,WIZ SOLUCOES E CORRETAGEM DE SEGUROS S.A,08/10/1973,carlos@wizsolucoes.com.br,(61) 3426-9500,MATRIZ,204-6 - Sociedade Anônima Aberta,ASA NORTE,70.701-000,DF
BATTISTELLA ADM E PARTICIPAÇÕES S A,BATTISTELLA ADMINISTRACAO E PARTICIPACOES S/A,42.331.462/0001-31,Holdings de instituições não-financeiras,64.62-0-00,ATIVA,,01/08/1974,ana.ferraz@battistella.com.br,(41) 3299-7272 / (41) 3299-8593 / (41) 3299-7244,MATRIZ,204-6 - Sociedade Anônima Aberta,BARRO PRETO,83.015-140,PR
CENTRO DE IMAGEM DIAGNÓSTICOS S.A.,CENTRO DE IMAGEM DIAGNOSTICOS S/A.,42.771.949/0001-35,"Atividades de atendimento hospitalar, exceto pronto-socorro e unidades para atendimento a urgências",86.10-1-01,ATIVA,AXIAL - CENTRO DE IMAGEM,11/08/1992,luiz.uehara@alliar.com,(31) 3237-1221,MATRIZ,204-6 - Sociedade Anônima Aberta,FUNCIONARIOS,30.150-288,MG
IGB ELETRÔNICA S.A. – EM RECUPERAÇÃO JUDICIAL,IGB ELETRONICA S.A,43.185.362/0001-07,"Fabricação de aparelhos de recepção, reprodução, gravação e amplificação de áudio e vídeo",26.40-0-00,ATIVA,,03/11/1971,renato.gusmao@gradiente.com,(92) 3615-4717/ (92) 3615-4760,MATRIZ,204-6 - Sociedade Anônima Aberta,DISTRITO INDUSTRIAL I,69.075-020,AM
EVEN CONSTRUTORA E INCORPORADORA S/A,EVEN CONSTRUTORA E INCORPORADORA S/A,43.470.988/0001-65,Construção de edifícios,41.20-4-00,ATIVA,EVEN,15/05/1980,even@even.com.br,(11) 3377-3893,MATRIZ,204-6 - Sociedade Anônima Aberta,JARDIM EUROPA,01.455-000,SP
CIA SANEAMENTO BÁSICO ESTADO SÃO PAULO,CIA DE SANEAMENTO BASICO DO ESTADO DE SAO PAULO SABESP,43.776.517/0001-80,"Captação, tratamento e distribuição de água",36.00-6-01,ATIVA,SABESP,08/10/1973,,,MATRIZ,203-8 - Sociedade de Economia Mista,PINHEIROS,05.429-000,SP
C&A MODAS S.A.,C&A MODAS S.A.,45.242.914/0001-05,Comércio varejista de artigos do vestuário e acessórios,47.81-4-00,ATIVA,C E A,12/01/1981,intimacoesfiscais@cea.com.br,(11) 2134-6434,MATRIZ,204-6 - Sociedade Anônima Aberta,ALPHAVILLE CENTRO INDUSTRIAL E EMPRESARIAL,06.455-000,SP
PROFARMA DISTRIB. PRODUTOS FARMACEUTICOS,PROFARMA DISTRIBUIDORA DE PRODUTOS FARMACEUTICOS SA,45.453.214/0001-51,Comércio atacadista de medicamentos e drogas de uso humano,46.44-3-01,ATIVA,,05/02/1981,fiscalcorporativo@profarma.com.br,(21) 4009-0200,MATRIZ,204-6 - Sociedade Anônima Aberta,BARRA DA TIJUCA,22.775-003,RJ
BAHEMA EDUCACAO S.A.,BAHEMA EDUCACAO S.A.,45.987.245/0001-92,Holdings de instituições não-financeiras,64.62-0-00,ATIVA,,26/07/1966,alexandre@bahema.com.br,(11) 3085-1522,MATRIZ,204-6 - Sociedade Anônima Aberta,JARDIM PAULISTANO,01.451-001,SP
COMPANHIA BRASILEIRA DE DISTRIBUIÇÃO,COMPANHIA BRASILEIRA DE DISTRIBUICAO,47.508.411/0001-56,Comércio varejista de outros produtos não especificados anteriormente,47.89-0-99,ATIVA,,19/11/1981,paralegal@grupopaodeacucar.com.br,(11) 4004-0010,MATRIZ,204-6 - Sociedade Anônima Aberta,JD PAULISTA,01.402-000,SP
MAGAZINE LUIZA SA,MAGAZINE LUIZA S/A,47.960.950/0001-21,"Lojas de departamentos ou magazines, exceto lojas francas (Duty free)",47.13-0-04,ATIVA,MAGAZINE LUIZA,24/10/1966,fiscal.estadual@magazineluiza.com.br,(16) 3711-2002,MATRIZ,204-6 - Sociedade Anônima Aberta,CENTRO,14.400-490,SP
HELBOR EMPREENDIMENTOS S/A,HELBOR EMPREENDIMENTOS S.A.,49.263.189/0001-02,Incorporação de empreendimentos imobiliários,41.10-7-00,ATIVA,,20/10/1977,,(11) 4795-8555,MATRIZ,204-6 - Sociedade Anônima Aberta,JARDIM ARMENIA,08.780-500,SP
RESTOQUE COMÉRCIO E CONFECÇÕES DE ROUPAS SA,RESTOQUE COMERCIO E CONFECCOES DE ROUPAS S/A,49.669.856/0001-43,Comércio varejista de artigos do vestuário e acessórios,47.81-4-00,ATIVA,,19/04/1982,friedrichameln@uol.com.br,(11) 5573-3057/ (11) 5549-2043,MATRIZ,204-6 - Sociedade Anônima Aberta,CERQUEIRA CESAR,01.426-001,SP
BOMBRIL SA,BOMBRIL S/A,50.564.053/0001-03,Fabricação de produtos de limpeza e polimento,20.62-2-00,ATIVA,,22/06/1982,tributario@bombril.com.br,,MATRIZ,204-6 - Sociedade Anônima Aberta,RUDGE RAMOS,09.696-005,SP
COSAN S.A.,COSAN S.A.,50.746.577/0001-15,Holdings de instituições não-financeiras,64.62-0-00,ATIVA,,08/07/1966,fiscalizacaocar@raizen.com,(19) 3423-8000,MATRIZ,204-6 - Sociedade Anônima Aberta,ITAIM BIBI,04.538-132,SP
VULCABRAS|AZALEIA S.A.,VULCABRAS AZALEIA S/A,50.926.955/0001-42,"Representantes comerciais e agentes do comércio de têxteis, vestuário, calçados e artigos de viagem",46.16-8-00,ATIVA,,01/07/1966,,,MATRIZ,204-6 - Sociedade Anônima Aberta,DA GRAMA,13.219-001,SP
NUTRIPLANT INDUSTRIA E COMÉRCIO S/A,NUTRIPLANT INDUSTRIA E COMERCIO S/A,51.128.999/0001-90,Fabricação de outros produtos químicos inorgânicos não especificados anteriormente,20.19-3-99,ATIVA,,16/10/1979,nutriplant@nutriplant.com.br,(11) 4161-7600/ (11) 4161-2036,MATRIZ,204-6 - Sociedade Anônima Aberta,VILA ENGENHO NOVO,06.415-110,SP
IGUATEMI EMPRESA DE SHOPPING CENTERS S/A,IGUATEMI EMPRESA DE SHOPPING CENTERS S/A,51.218.147/0001-93,Gestão e administração da propriedade imobiliária,68.22-6-00,ATIVA,,07/06/1979,crsouza@iguatemi.com.br,(11) 3137-6878,MATRIZ,204-6 - Sociedade Anônima Aberta,JARDIM EUROPA,01.455-070,SP
SÃO MARTINHO SA,SAO MARTINHO S/A,51.466.860/0001-56,Fabricação de açúcar em bruto,10.71-6-00,ATIVA,SAO MARTINHO,08/08/1966,tributos.csc@saomartinho.ind.br,(16) 3981-9000,MATRIZ,204-6 - Sociedade Anônima Aberta,ZONA RURAL,14.850-000,SP
PLASCAR PARTICIPAÇÕES INDUSTRIAIS S.A,PLASCAR PARTICIPACOES INDUSTRIAIS S/A,51.928.174/0001-50,Holdings de instituições não-financeiras,64.62-0-00,ATIVA,PLASCAR S/A,21/10/1982,denise.marcelo@plascargroup.com,(11) 3109-2921,MATRIZ,204-6 - Sociedade Anônima Aberta,DISTRITO INDUSTRIAL,13.213-000,SP
JSL S.A.,JSL S/A.,52.548.435/0001-79,"Transporte rodoviário de carga, exceto produtos perigosos e mudanças, intermunicipal, interestadual e internacional",49.30-2-02,ATIVA,JSL,10/12/1969,isabela.rodrigues@jsl.com.br,(11) 2377-7000,MATRIZ,204-6 - Sociedade Anônima Aberta,ITAIM BIBI,04.530-001,SP
TOTVS S.A,TOTVS S.A.,53.113.791/0001-22,Desenvolvimento de programas de computador sob encomenda,62.01-5-01,ATIVA,TOTVS S/A,13/12/1983,msiga@microsiga.com.br,(11) 3981-7000,MATRIZ,204-6 - Sociedade Anônima Aberta,CASA VERDE,02.511-000,SP
EUCATEX SA IND E COMERCIO,EUCATEX S A INDUSTRIA E COMERCIO,56.643.018/0001-66,"Fabricação de madeira laminada e de chapas de madeira compensada, prensada e aglomerada",16.21-8-00,ATIVA,,22/08/1966,caressat@eucatex.com.br,(11) 3049-2427,MATRIZ,204-6 - Sociedade Anônima Aberta,VILA OLIMPIA,04.543-900,SP
INDÚSTRIAS ROMI S.A.,INDUSTRIAS ROMI S A,56.720.428/0001-63,"Fabricação de máquinas-ferramenta, peças e acessórios",28.40-2-00,ATIVA,,12/07/1966,,(19) 3455-9220,MATRIZ,204-6 - Sociedade Anônima Aberta,VILA ROMI,13.453-900,SP
BICICLETAS MONARK SA,BICICLETAS MONARK S A,56.992.423/0001-90,"Fabricação de bicicletas e triciclos não-motorizados, peças e acessórios",30.92-0-00,ATIVA,,15/07/1966,contabilidade@monark.com.br,(19) 3936-4844/ (19) 3935-9230,MATRIZ,204-6 - Sociedade Anônima Aberta,DISTRITO INDUSTRIAL DOMINGOS GIOMI,13.347-370,SP
ODONTOPREV S/A,ODONTOPREV S.A.,58.119.199/0001-51,Planos de saúde,65.50-2-00,ATIVA,,28/08/1987,dformenti@odontoprev.com.br,(11) 4878-8200/ (11) 4878-8221,MATRIZ,204-6 - Sociedade Anônima Aberta,TAMBORE,06.460-040,SP
WHIRLPOOL S.A,WHIRLPOOL S.A,59.105.999/0001-86,"Fabricação de fogões, refrigeradores e máquinas de lavar e secar para uso doméstico, peças e acessórios",27.51-1-00,ATIVA,UNIDADE DE ELETRODOMESTICOS,08/08/1966,gcg-tax_indiretos-usp@whirlpool.com,(11) 3566-1431,MATRIZ,204-6 - Sociedade Anônima Aberta,BROOKLIN PAULISTA,04.578-000,SP
BANCO PAN SA,BANCO PAN S.A.,59.285.411/0001-13,"Bancos múltiplos, com carteira comercial",64.22-1-00,ATIVA,,23/08/1966,,(11) 4002-1687,MATRIZ,204-6 - Sociedade Anônima Aberta,BELA VISTA,01.310-100,SP
POLPAR S.A.,POLPAR S/A,59.789.545/0001-71,Holdings de instituições não-financeiras,64.62-0-00,ATIVA,,13/12/1988,acalazans@suzano.com.br,(11) 3503-9090 / (11) 3503-9000 / (11) 3503-9076,MATRIZ,204-6 - Sociedade Anônima Aberta,JARDIM PAULISTANO,01.452-919,SP
PARANAPANEMA SA,PARANAPANEMA S/A,60.398.369/0004-79,Metalurgia do cobre,24.43-1-00,ATIVA,,21/10/2009,jamyr@paranapanema.com.br,(11) 2199-7542/ (71) 2199-1692,FILIAL,204-6 - Sociedade Anônima Aberta,AREA INDUSTRIAL NORTE,42.850-000,BA
MAHLE METAL LEVE S.A.,MAHLE METAL LEVE S.A.,60.476.884/0001-87,Fabricação de peças e acessórios para o sistema motor de veículos automotores,29.41-7-00,ATIVA,,27/09/1966,,(019) 3861-9248,MATRIZ,204-6 - Sociedade Anônima Aberta,MOMBACA,13.840-970,SP
SARAIVA SA LIVREIROS EDITORES,SARAIVA LIVREIROS S.A. - EM RECUPERACAO JUDICIAL,60.500.139/0001-26,Edição de livros (Dispensada *),58.11-5-00,ATIVA,,16/08/1966,compliance-tributos@saraiva.com.br,(11) 4637-9223,MATRIZ,204-6 - Sociedade Anônima Aberta,PINHEIROS,05.413-909,SP
JEREISSATI PARTICIPAÇÕES S/A,JEREISSATI PARTICIPACOES S.A,60.543.816/0001-93,Holdings de instituições não-financeiras,64.62-0-00,ATIVA,,21/07/1966,csoliveira@gj.com.br,(11) 3137-6913,MATRIZ,204-6 - Sociedade Anônima Aberta,JARDIM EUROPA,01.455-070,SP
INDS J B DUARTE SA,INDUSTRIAS J.B. DUARTE S/A.,60.637.238/0001-54,Comércio atacadista de produtos alimentícios em geral,46.39-7-01,ATIVA,,16/06/1972,itamarati.assessoria@bol.com.br,(11) 3337-7373 / (11) 3337-7373,MATRIZ,204-6 - Sociedade Anônima Aberta,MOOCA,03.102-000,SP
SUZANO HOLDING S.A.,SUZANO HOLDING S.A.,60.651.809/0001-05,Holdings de instituições não-financeiras,64.62-0-00,ATIVA,,12/04/1972,acalazans@suzano.com.br,(11) 3503-9090/ (11) 3503-9000,MATRIZ,204-6 - Sociedade Anônima Aberta,JARDIM PAULISTANO,01.452-919,SP
COMPANHIA  MELHORAMENTOS DE SÃO PAULO,COMPANHIA MELHORAMENTOS DE SAO PAULO,60.730.348/0001-66,Holdings de instituições não-financeiras,64.62-0-00,ATIVA,MELHORAMENTOS,30/11/1967,elaine@melhoramentos.com.br,(11) 3874-0696,MATRIZ,204-6 - Sociedade Anônima Aberta,VILA ROMANA,05.051-000,SP
BANCO BRADESCO S.A.,BANCO BRADESCO S.A.,60.746.948/0001-12,"Bancos múltiplos, com carteira comercial",64.22-1-00,ATIVA,BRADESCO EST UNIF,02/03/1943,,(11) 3684-5122,MATRIZ,204-6 - Sociedade Anônima Aberta,VILA YARA,06.029-900,SP
BANCO ALFA DE INVESTIMENTO SA,BANCO ALFA DE INVESTIMENTO S.A.,60.770.336/0001-65,Bancos de investimento,64.32-8-00,ATIVA,,30/08/1966,,,MATRIZ,204-6 - Sociedade Anônima Aberta,CERQUEIRA CESAR,01.418-000,SP
FLEURY SA,FLEURY S.A.,60.840.055/0001-31,Laboratórios clínicos,86.40-2-02,ATIVA,FLEURY MEDICINA E SAUDE,19/07/1966,,(11) 5035-1986/ (11) 5035-2175,MATRIZ,204-6 - Sociedade Anônima Aberta,JABAQUARA,04.344-070,SP
BARDELLA SA INDS MECANICAS,BARDELLA SA INDUSTRIAS MECANICAS EM RECUPERACAO JUDICIAL,60.851.615/0001-53,"Fabricação de máquinas, equipamentos e aparelhos para transporte e elevação de cargas, peças e acessórios",28.22-4-02,ATIVA,,15/02/1971,,,MATRIZ,204-6 - Sociedade Anônima Aberta,CUMBICA,07.220-902,SP
ITAÚ UNIBANCO HOLDING S.A.,ITAU UNIBANCO HOLDING S.A.,60.872.504/0001-23,"Bancos múltiplos, com carteira comercial",64.22-1-00,ATIVA,,31/12/1965,,(11) 5019-1879,MATRIZ,204-6 - Sociedade Anônima Aberta,PARQUE JABAQUARA,04.344-902,SP
NORDON INDS METALURGICAS SA,NORDON INDUSTRIAS METALURGICAS S A,60.884.319/0001-59,Manutenção e reparação de outras máquinas e equipamentos para usos industriais não especificados anteriormente,33.14-7-99,ATIVA,EST UNIF,15/07/1966,,,MATRIZ,204-6 - Sociedade Anônima Aberta,UTINGA,09.080-620,SP
USINAS SIDERURGICAS DE MINAS GERAIS SA,USINAS SIDERURGICAS DE MINAS GERAIS S/A. USIMINAS,60.894.730/0001-05,"Produção de laminados planos de aço ao carbono, revestidos ou não",24.22-9-01,ATIVA,,08/09/1966,,(0031) 0499-8561,MATRIZ,204-6 - Sociedade Anônima Aberta,ENGENHO NOGUEIRA,31.310-260,MG
CESP – COMPANHIA ENERGÉTICA DE SÃO PAULO,CESP - COMPANHIA ENERGETICA DE SAO PAULO,60.933.603/0001-78,Geração de energia elétrica,35.11-5-01,ATIVA,,22/01/1968,csccertidoes@votorantim.com,(11) 5613-2100,MATRIZ,204-6 - Sociedade Anônima Aberta,PINHEIROS,05.425-070,SP
CONST ADOLPHO LINDENBERG SA,CONSTRUTORA ADOLPHO LINDENBERG S/A,61.022.042/0001-18,Construção de edifícios,41.20-4-00,ATIVA,CAL S/A,25/10/1966,fiscal@lindenberg.com.br,(11) 3826-6796/ (11) 3706-2720,MATRIZ,204-6 - Sociedade Anônima Aberta,ITAIM BIBI,04.534-002,SP
BANCO INDUSVAL S.A.,BANCO INDUSVAL SA,61.024.352/0001-71,Bancos comerciais,64.21-2-00,ATIVA,,10/04/1967,aduarte@bip.b.br,(11) 3315-6777 / (11) 2103-9460,MATRIZ,204-6 - Sociedade Anônima Aberta,VILA NOVA CONCEICAO,04.543-000,SP
MANGELS INDUSTRIAL S.A.,MANGELS INDUSTRIAL S.A.,61.065.298/0001-02,Fabricação de outras peças e acessórios para veículos automotores não especificadas anteriormente,29.49-2-99,ATIVA,,06/07/1966,f.moraes@mangels.com.br,(11) 4341-1580,MATRIZ,204-6 - Sociedade Anônima Aberta,CENTRO,09.750-730,SP
ROSSI RESIDENCIAL SA,ROSSI RESIDENCIAL SA,61.065.751/0001-80,Construção de edifícios,41.20-4-00,ATIVA,,20/01/1966,fiscalrossi@rossiresidencial.com.br,(11) 4058-2000,MATRIZ,204-6 - Sociedade Anônima Aberta,SANTO AMARO,04.709-111,SP
NADIR FIGUEIREDO IND E COM SA,NADIR FIGUEIREDO IND COM S A,61.067.161/0001-97,Fabricação de artigos de vidro,23.19-2-00,ATIVA,,08/07/1966,antonioivo@nadir.com.br,(11) 2967-8820,MATRIZ,204-6 - Sociedade Anônima Aberta,CARANDIRU,02.029-000,SP
ALPARGATAS SA,ALPARGATAS S.A.,61.079.117/0001-05,Preparação e fiação de fibras de algodão,13.11-1-00,ATIVA,,09/04/1907,amc@alpargatas.com.br,(11) 3847-7322,MATRIZ,204-6 - Sociedade Anônima Aberta,VILA GERTRUDES,04.794-000,SP
MANUFATURA DE  BRINQUEDOS ESTRELA SA,MANUFATURA DE BRINQUEDOS ESTRELA S A,61.082.004/0001-50,Fabricação de outros brinquedos e jogos recreativos não especificados anteriormente,32.40-0-99,ATIVA,BRINQUEDOS ESTRELA,15/06/1972,fiscal@estrela.com.br,(11) 2102-7056/ (11) 2102-7031,MATRIZ,204-6 - Sociedade Anônima Aberta,PINHEIROS,05.423-180,SP
CAMBUCI SA,CAMBUCI S/A,61.088.894/0001-08,Fabricação de artefatos de couro não especificados anteriormente,15.29-7-00,ATIVA,PENALTY,11/07/1966,daniela.castro@cambuci.com.br,(11) 4713-9500,MATRIZ,204-6 - Sociedade Anônima Aberta,CIDADE MONCOES,04.571-000,SP
ETERNIT S.A.- EM RECUPERAÇÃO JUDICIAL,ETERNIT S.A EM RECUPERACAO JUDICIAL,61.092.037/0001-81,Fabricação de artefatos de fibrocimento para uso na construção,23.30-3-03,ATIVA,ETERNIT,27/04/1973,tributario-sp@eternit.com.br,,MATRIZ,204-6 - Sociedade Anônima Aberta,PINHEIROS,05.423-040,SP
IOCHPE-MAXION SA,IOCHPE-MAXION S.A.,61.156.113/0001-75,Fabricação de outras peças e acessórios para veículos automotores não especificadas anteriormente,29.49-2-99,ATIVA,,06/10/1969,nilosiqueira@maxionsc.com,(12) 2122-1957,MATRIZ,204-6 - Sociedade Anônima Aberta,ITAGACABA,12.730-900,SP
SIDERURGICA J L ALIPERTI SA,SIDERURGICA J L ALIPERTI S A,61.156.931/0001-78,"Produção de relaminados, trefilados e perfilados de aço, exceto arames",24.24-5-02,ATIVA,,13/07/1966,,(011) 5770-017 / (011) 5770-017,MATRIZ,204-6 - Sociedade Anônima Aberta,AGUA FUNDA,04.156-090,SP
BANCO BMG S/A,BANCO BMG SA,61.186.680/0001-74,"Bancos múltiplos, com carteira comercial",64.22-1-00,ATIVA,,20/07/1966,fiscal@bancobmg.com.br,(11) 0000-0001,MATRIZ,205-4 - Sociedade Anônima Fechada,VILA NOVA CONCEICAO,04.543-000,SP
MARISA LOJAS SA,MARISA LOJAS S.A.,61.189.288/0001-89,Comércio varejista de artigos do vestuário e acessórios,47.81-4-00,ATIVA,LOJAS MARISA,25/08/1966,opublico@marisa.com.br,(011) 3660-6045,MATRIZ,204-6 - Sociedade Anônima Aberta,BARRA FUNDA,01.138-000,SP
AZEVEDO & TRAVASSOS SA,AZEVEDO & TRAVASSOS S/A,61.351.532/0001-68,Construção de rodovias e ferrovias,42.11-1-01,ATIVA,,19/07/1966,www.azevedo@azevedotravassos.com.br,(0011) 3974-8787,MATRIZ,204-6 - Sociedade Anônima Aberta,VILA MIRANTE,02.955-080,SP
BAUMER SA,BAUMER S A,61.374.161/0001-30,"Fabricação de instrumentos não-eletrônicos e utensílios para uso médico, cirúrgico, odontológico e de laboratório",32.50-7-01,ATIVA,,19/05/1971,claudio@baumer.com.br,(19) 3805-7665/ (19) 3805-7661,MATRIZ,204-6 - Sociedade Anônima Aberta,DISTRITO INDUSTRIAL I JOSE MARANGONI,13.803-330,SP
DIAGNOSTICOS DA AMERICA SA,DIAGNOSTICOS DA AMERICA S.A .,61.486.650/0001-83,Laboratórios clínicos,86.40-2-02,ATIVA,,17/07/1966,tributario@dasa.com.br,(11) 2630-3000/ (11) 2630-2726,MATRIZ,204-6 - Sociedade Anônima Aberta,ALPHAVILLE,06.455-010,SP
ITAÚSA – INVESTIMENTOS ITAÚ S.A.,ITAUSA-INVESTIMENTOS ITAU S/A.,61.532.644/0001-15,Holdings de instituições não-financeiras,64.62-0-00,ATIVA,,04/08/1966,contabilidade@itausa.com.br,(11) 3543-4782,MATRIZ,204-6 - Sociedade Anônima Aberta,BELA VISTA,01.310-200,SP
REDE ENERGIA PARTICIPAÇÕES S.A.,REDE ENERGIA PARTICIPACOES S.A.,61.584.140/0001-49,Distribuição de energia elétrica,35.14-0-00,ATIVA,,17/08/1966,henrique@energisa.com.br,(32) 3429-6516,MATRIZ,204-6 - Sociedade Anônima Aberta,CENTRO,36.770-901,MG
RAIA DROGASIL S.A.,RAIA DROGASIL S/A,61.585.865/0001-51,"Comércio varejista de produtos farmacêuticos, sem manipulação de fórmulas",47.71-7-01,ATIVA,,22/06/1972,vsouza@rd.com.br,(11) 3769-5731/ (11) 3769-5707,MATRIZ,204-6 - Sociedade Anônima Aberta,VILA BUTANTA,05.339-900,SP
COMPANHIA DE GÁS DE SÃO PAULO – COMGÁS,COMPANHIA DE GAS DE SAO PAULO COMGAS,61.856.571/0001-17,Produção de gás; processamento de gás natural,35.20-4-01,ATIVA,,12/06/1972,fiscalizacaocar@raizen.com,(19) 3423-8000,MATRIZ,204-6 - Sociedade Anônima Aberta,ITAIM BIBI,04.538-132,SP
SÃO PAULO TURISMO S. A.,SAO PAULO TURISMO S/A,62.002.886/0001-60,Aluguel de imóveis próprios,68.10-2-02,ATIVA,PARQUE ANHEMBI,18/03/1968,,,MATRIZ,204-6 - Sociedade Anônima Aberta,PARQUE ANHEMBI,02.012-021,SP
BANCO PINE S/A,BANCO PINE S/A,62.144.175/0001-20,"Bancos múltiplos, com carteira comercial",64.22-1-00,ATIVA,,25/07/1968,,(11) 3372-5749,MATRIZ,204-6 - Sociedade Anônima Aberta,VILA NOVA CONCEICAO,04.543-000,SP
CAMIL ALIMENTOS S/A,CAMIL ALIMENTOS S.A.,64.904.295/0001-03,Beneficiamento de arroz,10.61-9-01,ATIVA,,04/12/1990,tributario.camil@camil.com.br,(11) 3649-1100/ (11) 3649-1155,MATRIZ,204-6 - Sociedade Anônima Aberta,VILA ANASTACIO,05.093-902,SP
RNI NEGÓCIOS IMOBILIÁRIOS S.A.,RNI NEGOCIOS IMOBILIARIOS S.A.,67.010.660/0001-24,Construção de edifícios,41.20-4-00,ATIVA,RNI NEGOCIOS IMOBILIARIOS S.A.,17/10/1991,rni.i057@rodobensimoveis.com.br,(17) 2137-1700 / (17) 2137-1827 / (17) 2137-1725,MATRIZ,204-6 - Sociedade Anônima Aberta,HIGIENOPOLIS,15.085-485,SP
VIVER INCORP. E CONSTRUTORA S.A.- EM RECUPERAÇÃO JUDICIAL,VIVER INCORPORADORA E CONSTRUTORA S.A. EM RECUPERACAO JUDICIAL,67.571.414/0001-41,Construção de edifícios,41.20-4-00,ATIVA,,12/02/1992,contabilidade@viver.com.br,(11) 3046-3096,MATRIZ,204-6 - Sociedade Anônima Aberta,VILA OLIMPIA,04.551-010,SP
MINERVA S/A,MINERVA S.A.,67.620.377/0001-14,Fabricação de produtos de carne,10.13-9-01,ATIVA,,11/03/1992,jose.ferreira@minervafoods.com,(17) 3321-3355/ (17) 3321-3343,MATRIZ,204-6 - Sociedade Anônima Aberta,ROTATORIA FAMILIA VILELA DE QUEIROZ,14.781-545,SP
CONSTRUTORA TENDA S/A,CONSTRUTORA TENDA S/A,71.476.527/0001-35,Construção de edifícios,41.20-4-00,ATIVA,,21/01/1994,gbigon@tenda.com,(11) 3111-2597,MATRIZ,204-6 - Sociedade Anônima Aberta,CENTRO,01.012-001,SP
CYRELA BRAZIL REALTY SA EMPRS E PARTS,CYRELA BRAZIL REALTY S.A. EMPREENDIMENTOS E PARTICIPACOES,73.178.600/0001-18,Incorporação de empreendimentos imobiliários,41.10-7-00,ATIVA,,13/12/1993,deptodetributos@cyrela.com.br,(11) 3839-7009 / (11) 3839-7010,MATRIZ,204-6 - Sociedade Anônima Aberta,VILA OLIMPIA,04.552-000,SP
ATACADÃO S.A.,ATACADAO S.A.,75.315.333/0001-09,"Comércio varejista de mercadorias em geral, com predominância de produtos alimentícios - hipermercados",47.11-3-01,ATIVA,GRUPO CARREFOUR BRASIL,28/08/1973,tributario@atacadao.com.br,(11) 2967-8261/ (11) 2967-8284,MATRIZ,204-6 - Sociedade Anônima Aberta,VL MARIA BAIXA,02.170-901,SP
COMPANHIA PARANAENSE DE ENERGIA,COMPANHIA PARANAENSE DE ENERGIA,76.483.817/0001-20,Holdings de instituições não-financeiras,64.62-0-00,ATIVA,COPEL,03/08/1966,,,MATRIZ,203-8 - Sociedade de Economia Mista,BATEL,80.420-170,PR
CIA. DE SANEAMENTO DO PARANÁ – SANEPAR,COMPANHIA DE SANEAMENTO DO PARANA SANEPAR,76.484.013/0001-45,"Captação, tratamento e distribuição de água",36.00-6-01,ATIVA,SANEPAR,26/01/1968,contabil@sanepar.com.br,(41) 3330-3636/ (41) 3330-3082,MATRIZ,203-8 - Sociedade de Economia Mista,REBOUCAS,80.215-100,PR
OI S.A. – EM RECUPERAÇÃO JUDICIAL,OI S.A. - EM RECUPERACAO JUDICIAL,76.535.764/0001-43,Serviços de telefonia fixa comutada - STFC,61.10-8-01,ATIVA,OI,26/09/1966,,(21) 3131-3589/ (21) 3131-3100,MATRIZ,204-6 - Sociedade Anônima Aberta,CENTRO,20.230-070,RJ
INEPAR SA IND E CONSTRUÇÕES – EM RECUPERAÇÃO JUDICIAL,INEPAR S.A. INDUSTRIA E CONSTRUCOES EM RECUPERACAO JUDICIAL,76.627.504/0001-06,Fabricação de aparelhos e equipamentos para distribuição e controle de energia elétrica,27.31-7-00,ATIVA,,20/12/1971,jair.malpica@iesa.com.br,(41) 3072-0808 / (41) 3025-1313 / (41) 3025-1313,MATRIZ,204-6 - Sociedade Anônima Aberta,CENTRO,80.410-180,PR
CIA HERING,CIA. HERING,78.876.950/0001-71,"Fabricação de artigos do vestuário, produzidos em malharias e tricotagens, exceto meias",14.22-3-00,ATIVA,,22/08/1985,fiscal@ciahering.com.br,(47) 3321-3504/ (47) 3321-3360,MATRIZ,204-6 - Sociedade Anônima Aberta,BOM RETIRO,89.010-900,SC
METALGRAFICA IGUACU SA,METALGRAFICA IGUACU S A,80.227.184/0001-66,Fabricação de embalagens metálicas,25.91-8-00,ATIVA,,06/12/1951,iguacu@metaliguacu.com.br,(42) 3219-2822,MATRIZ,204-6 - Sociedade Anônima Aberta,NOVA RUSSIA,84.070-040,PR
POSITIVO TECNOLOGIA S.A.,POSITIVO TECNOLOGIA S.A.,81.243.735/0001-48,Fabricação de equipamentos de informática,26.21-3-00,ATIVA,,26/05/1989,fiscal@positivo.com.br,(41) 3316-7700,MATRIZ,204-6 - Sociedade Anônima Aberta,CIDADE INDUSTRIAL DE CURITIBA,81.350-000,PR
CIA CAT. DE ÁGUAS E SANEAMENTO – CASAN,COMPANHIA CATARINENSE DE AGUAS E SANEAMENTO CASAN,82.508.433/0001-17,Outras atividades de serviços prestados principalmente às empresas não especificadas anteriormente,82.99-7-99,ATIVA,CASAN,27/07/1971,casan@casan.com.br,(0048) 0221-5000,MATRIZ,203-8 - Sociedade de Economia Mista,CENTRO,88.020-010,SC
TEKA TECELAGEM KUEHNRICH SA – EM RECUPERAÇÃO JUDICIAL,TEKA TECELAGEM KUEHNRICH SA - EM RECUPERACAO JUDICIAL,82.636.986/0001-55,Fabricação de artefatos têxteis para uso doméstico,13.51-1-00,ATIVA,TEKA EST UNIF,21/01/1966,,,MATRIZ,204-6 - Sociedade Anônima Aberta,ITOUPAVA NORTE,89.052-900,SC
KARSTEN SA,KARSTEN S.A.,82.640.558/0001-04,Fabricação de artefatos têxteis para uso doméstico,13.51-1-00,ATIVA,,25/08/1966,fiscal@karsten.com.br,(47) 3331-4336/ (47) 3331-4340,MATRIZ,204-6 - Sociedade Anônima Aberta,TESTO SALTO,89.074-700,SC
ELECTRO AÇO ALTONA S/A,ELECTRO ACO ALTONA S A,82.643.537/0001-34,Fundição de ferro e aço,24.51-2-00,ATIVA,,07/05/1971,,,MATRIZ,204-6 - Sociedade Anônima Aberta,ITOUPAVA SECA,89.030-900,SC
TÊXTIL RENAUXVIEW S/A,TEXTIL RENAUXVIEW SA,82.982.075/0001-80,Tecelagem de fios de algodão,13.21-9-00,ATIVA,RENAUXVIEW,27/04/1925,marta@renauxview.com.br,(47) 3255-1000 / (47) 3255-1125 / (47) 3255-1008,MATRIZ,204-6 - Sociedade Anônima Aberta,CENTRO,88.351-020,SC
PBG S/A,PBG S/A,83.475.913/0001-91,Fabricação de azulejos e pisos,23.42-7-01,ATIVA,,17/10/1977,,,MATRIZ,204-6 - Sociedade Anônima Aberta,CENTRO,88.200-000,SC
CENTRAIS ELETRICAS DE SANTA CATARINA S.A,CENTRAIS ELETRICAS DE SANTA CATARINA SA,83.878.892/0001-55,Holdings de instituições não-financeiras,64.62-0-00,ATIVA,CELESC,26/10/1970,marcioo@celesc.com.br,(48) 3231-5000,MATRIZ,203-8 - Sociedade de Economia Mista,ITACORUBI,88.034-900,SC
WEG SA,WEG SA,84.429.695/0001-11,Holdings de instituições não-financeiras,64.62-0-00,ATIVA,WEG,29/05/1969,contabil1@weg.net,(47) 3276-4000/ (47) 3276-4775,MATRIZ,204-6 - Sociedade Anônima Aberta,VILA LALAU,89.256-900,SC
TUPY SA,TUPY S/A,84.683.374/0001-49,"Comércio atacadista de produtos siderúrgicos e metalúrgicos, exceto para construção",46.85-1-00,ATIVA,,03/08/1966,pedrohe@tupy.com.br,(47) 4009-8389,MATRIZ,204-6 - Sociedade Anônima Aberta,VILA OLIMPIA,04.548-005,SP
DOHLER S.A.,DOHLER S.A.,84.683.408/0001-03,Tecelagem de fios de algodão,13.21-9-00,ATIVA,,08/08/1966,dohler@dohler.com.br,(47) 3441-1666/ (47) 3441-1777,MATRIZ,204-6 - Sociedade Anônima Aberta,ZONA INDUSTRIAL NORT,89.219-902,SC
WETZEL S.A. EM RECUPERAÇÃO JUDICIAL,WETZEL S/A EM RECUPERACAO JUDICIAL,84.683.671/0001-94,Fabricação de peças e acessórios para o sistema motor de veículos automotores,29.41-7-00,ATIVA,,04/08/1966,contabil@wetzel.com.br,(47) 3451-4033 / (47) 3451-8500 / (47) 3451-4024,MATRIZ,204-6 - Sociedade Anônima Aberta,DISTRITO INDUSTRIAL,89.219-600,SC
SCHULZ SA,SCHULZ S/A,84.693.183/0001-68,"Fabricação de compressores para uso industrial, peças e acessórios",28.14-3-01,ATIVA,SCHULZ,22/09/1966,edimor.vaz@schulz.com.br,(047) 4516-000,MATRIZ,204-6 - Sociedade Anônima Aberta,INDUSTRIAL,89.219-530,SC
METALURGICA RIOSULENSE SA,METALURGICA RIOSULENSE SA,85.778.074/0001-06,Fabricação de peças e acessórios para o sistema motor de veículos automotores,29.41-7-00,ATIVA,RIOSULENSE,31/01/1966,fiscal@riosulense.com.br,(47) 3531-4041/ (47) 3531-4000,MATRIZ,204-6 - Sociedade Anônima Aberta,BARRA DO TROMBUDO,89.164-910,SC
METISA METALÚRGICA  TIMBOENSE SA,METISA METALURGICA TIMBOENSE S/A,86.375.425/0001-09,"Fabricação de máquinas e equipamentos para a agricultura e pecuária, peças e acessórios, exceto para irrigação",28.33-0-00,ATIVA,,22/01/1942,contab@metisa.com.br,(47) 3281-2214/ (47) 3281-2222,MATRIZ,204-6 - Sociedade Anônima Aberta,ZONA INDUSTRIAL,89.120-000,SC
POMIFRUTAS S/A – EM RECUPERAÇÃO JUDICIAL,POMI FRUTAS S/A,86.550.951/0001-50,Cultivo de maçã,01.33-4-07,ATIVA,,22/02/1967,poliana.tilp@pomifrutas.com.br,(49) 3256-2211/ (49) 3256-2213,MATRIZ,204-6 - Sociedade Anônima Aberta,FISCHER,89.580-000,SC
JOSAPAR- JOAQUIM OLIVEIRA S/A PARTICIP,JOSAPAR JOAQUIM OLIVEIRA SA PARTICIPACOES,87.456.562/0001-22,Holdings de instituições não-financeiras,64.62-0-00,ATIVA,,03/12/1973,juridico@josapar.com.br,(51) 3284-1000,MATRIZ,204-6 - Sociedade Anônima Aberta,AUXILIADORA,90.480-003,RS
COMPANHIIA HABITASUL DE PARTICIPAÇÕES,COMPANHIA HABITASUL DE PARTICIPACOES,87.762.563/0001-03,Holdings de instituições não-financeiras,64.62-0-00,ATIVA,,08/10/1981,paulo.franco@habitasul.com.br,(51) 3220-3646,MATRIZ,204-6 - Sociedade Anônima Aberta,CENTRO,90.010-030,RS
FRAS-LE SA,FRAS-LE SA,88.610.126/0001-29,Fabricação de peças e acessórios para o sistema de freios de veículos automotores,29.43-3-00,ATIVA,,01/08/1966,contatorandon@randon.com.br,(54) 3239-1000/ (54) 3239-2015,MATRIZ,204-6 - Sociedade Anônima Aberta,FORQUETA,95.115-550,RS
MUNDIAL S.A – PRODUTOS DE CONSUMO,MUNDIAL S.A. - PRODUTOS DE CONSUMO,88.610.191/0001-54,Fabricação de aviamentos para costura,32.99-0-05,ATIVA,,05/09/1917,adriene.trindade@mundial.com,(11) 3425-1500,MATRIZ,204-6 - Sociedade Anônima Aberta,PARAISO,04.103-000,SP
MARCOPOLO SA,MARCOPOLO SA,88.611.835/0001-29,Fabricação de carrocerias para ônibus,29.30-1-02,ATIVA,MARCOPOLO,08/08/1966,,,MATRIZ,204-6 - Sociedade Anônima Aberta,PLANALTO,95.086-200,RS
PETTENATI SA IND TEXTIL,PETTENATI SA INDUSTRIA TEXTIL,88.613.658/0001-10,"Confecção de peças de vestuário, exceto roupas íntimas e as confeccionadas sob medida",14.12-6-01,ATIVA,,09/08/1966,pettenati@pettenati.com.br,(54) 3227-1000/ (54) 3227-7200,MATRIZ,204-6 - Sociedade Anônima Aberta,DISTRITO INDUSTRIAL,95.010-550,RS
RANDON S.A. IMPLEMENTOS E PARTICIPAÇÕES,RANDON SA IMPLEMENTOS E PARTICIPACOES,89.086.144/0001-16,"Fabricação de cabines, carrocerias e reboques para caminhões",29.30-1-01,ATIVA,RANDON CAXIAS,09/11/1976,contatorandon@randon.com.br,(54) 3239-2000/ (54) 3239-2015,MATRIZ,204-6 - Sociedade Anônima Aberta,INTERLAGOS,95.055-010,RS
SLC AGRICOLA SA,SLC AGRICOLA S.A.,89.096.457/0001-55,Atividades de apoio à agricultura não especificadas anteriormente,01.61-0-99,ATIVA,,03/06/1977,fiscal.federal@slcagricola.com.br,(51) 3230-7856/ (51) 3230-7799,MATRIZ,204-6 - Sociedade Anônima Aberta,SANTANA,90.620-010,RS
LUPATECH S/A – EM RECUPERAÇÃO JUDICIAL,LUPATECH S/A - EM RECUPERACAO JUDICIAL,89.463.822/0001-12,"Fabricação de válvulas, registros e dispositivos semelhantes, peças e acessórios",28.13-5-00,ATIVA,,29/03/1984,receitafederal@lupatech.com.br,(11) 3309-9000,MATRIZ,204-6 - Sociedade Anônima Aberta,DISTRITO INDUSTRIAL,13.380-001,SP
KLABIN S.A.,KLABIN S.A.,89.637.490/0001-45,Fabricação de celulose e outras pastas para a fabricação de papel,17.10-9-00,ATIVA,,06/12/1978,fiscalcorporativo@klabin.com.br,(11) 3046-9918/ (11) 3046-5800,MATRIZ,204-6 - Sociedade Anônima Aberta,ITAIM BIBI,04.538-132,SP
GRENDENE SA,GRENDENE S A,89.850.341/0001-60,Fabricação de calçados de material sintético,15.33-5-00,ATIVA,,26/03/1971,catia.ximendes@grendene.com.br,(54) 2109-9637/ (54) 2109-9637,MATRIZ,204-6 - Sociedade Anônima Aberta,EXPECTATIVA,62.040-125,CE
MINUPAR PARTICIPACOES SA,MINUPAR PARTICIPACOES SA,90.076.886/0001-40,Holdings de instituições não-financeiras,64.62-0-00,ATIVA,MINUANO,04/09/1984,,,MATRIZ,204-6 - Sociedade Anônima Aberta,SAO CRISTOVAO,95.900-010,RS
BANCO SANTANDER (BRASIL) S.A.,BANCO SANTANDER (BRASIL) S.A.,90.400.888/0001-42,"Bancos múltiplos, com carteira comercial",64.22-1-00,ATIVA,,12/08/1985,juridsocietario@santander.com.br,(11) 4004-3535,MATRIZ,204-6 - Sociedade Anônima Aberta,VILA OLIMPIA,04.543-011,SP
UNICASA INDÚSTRIA DE MÓVEIS S.A.,UNICASA INDUSTRIA DE MOVEIS S/A,90.441.460/0001-48,Fabricação de móveis com predominância de madeira,31.01-2-00,ATIVA,UNICASA,19/09/1985,contabilidade@unicasamoveis.com.br,(54) 3455-4444,MATRIZ,204-6 - Sociedade Anônima Aberta,SAO VENDELINO,95.707-540,RS
RECRUSUL SA,RECRUSUL S/A,91.333.666/0001-17,"Fabricação de cabines, carrocerias e reboques para caminhões",29.30-1-01,ATIVA,,06/07/1970,,,MATRIZ,204-6 - Sociedade Anônima Aberta,CENTRO,93.212-360,RS
STARA S.A. – INDÚSTRIA DE IMPLEMENTOS AGRÍCOLAS,STARA S.A. - INDUSTRIA DE IMPLEMENTOS AGRICOLAS,91.495.499/0001-00,"Fabricação de máquinas e equipamentos para a agricultura e pecuária, peças e acessórios, exceto para irrigação",28.33-0-00,ATIVA,STARA,14/09/1966,,,MATRIZ,204-6 - Sociedade Anônima Aberta,SEDE,99.470-000,RS
"FINANSINOS S/A-CRÉDITO, FINAN. E INVEST.","FINANSINOS S/A - CREDITO, FINANCIAMENTO E INVESTIMENTO",91.669.747/0001-92,"Sociedades de crédito, financiamento e investimento - financeiras",64.36-1-00,ATIVA,,12/08/1966,finansinos@terra.com.br,,MATRIZ,204-6 - Sociedade Anônima Aberta,CENTRO,93.510-001,RS
KEPLER WEBER SA,KEPLER WEBER SA,91.983.056/0001-69,Holdings de instituições não-financeiras,64.62-0-00,ATIVA,KEPLER WEBER SA,30/08/1966,silvana.silva@kepler.com.br,(11) 3138-1570,MATRIZ,204-6 - Sociedade Anônima Aberta,VILA OLIMPIA,04.552-000,SP
GRAZZIOTIN SA,GRAZZIOTIN S A,92.012.467/0001-70,Comércio varejista de artigos do vestuário e acessórios,47.81-4-00,ATIVA,,22/03/1982,,,MATRIZ,204-6 - Sociedade Anônima Aberta,SAO CRISTOVAO,99.001-970,RS
TREVISA  INVESTIMENTOS SA,TREVISA INVESTIMENTOS SA,92.660.570/0001-26,Holdings de instituições não-financeiras,64.62-0-00,ATIVA,,02/08/1966,,(51) 2331-188 / (51) 2331-100,MATRIZ,204-6 - Sociedade Anônima Aberta,MENINO DEUS,90.810-240,RS
DIMED SA DISTRIBUIDORA DE MEDICAMENTOS,DIMED S/A - DISTRIBUIDORA DE MEDICAMENTOS,92.665.611/0001-77,"Comércio varejista de produtos farmacêuticos, sem manipulação de fórmulas",47.71-7-01,ATIVA,PANVEL FARMACIAS,29/03/1976,,(51) 3218-9036/ (51) 3218-9031,MATRIZ,204-6 - Sociedade Anônima Aberta,INDUSTRIAL,92.990-000,RS
METALURGICA GERDAU SA,METALURGICA GERDAU SOCIEDADE ANONIMA,92.690.783/0001-09,"Outras sociedades de participação, exceto holdings",64.63-8-00,ATIVA,,24/06/1969,cadastrosocietario@gerdau.com.br,(11) 3094-6100 / (051) 3232-000,MATRIZ,204-6 - Sociedade Anônima Aberta,PINHEIROS,05.425-070,SP
PANATLANTICA SA,PANATLANTICA S.A.,92.693.019/0001-89,"Produção de relaminados, trefilados e perfilados de aço, exceto arames",24.24-5-02,ATIVA,PANATLANTICA,18/10/1967,rudi@panatlantica.com.br,(51) 3489-7777,MATRIZ,204-6 - Sociedade Anônima Aberta,DISTRITO INDUSTRIAL,94.045-405,RS
BANCO DO ESTADO DO RIO GRANDE DO SUL SA,BANCO DO ESTADO DO RIO GRANDE DO SUL SA,92.702.067/0001-96,"Bancos múltiplos, com carteira comercial",64.22-1-00,ATIVA,BANRISUL,12/08/1969,secretaria_dg@banrisul.com.br,(51) 3215-2924/ (51) 3215-2691,MATRIZ,204-6 - Sociedade Anônima Aberta,CENTRO,90.010-040,RS
CIA ESTADUAL DE GERACAO E TRANSMISSAO DE ENERGIA ELETRICA,COMPANHIA ESTADUAL DE GERACAO E TRANSMISSAO DE ENERGIA ELETRICA - CEEE-GT,92.715.812/0001-31,Geração de energia elétrica,35.11-5-01,ATIVA,CEEE GERACAO E TRANSMISSAO,13/09/1966,dct@ceee.com.br,(51) 3382-4332,MATRIZ,203-8 - Sociedade de Economia Mista,JARDIM CARVALHO,91.410-400,RS
HERCULES S/A – FABRICA DE TALHERES,HERCULES SA FABRICA DE TALHERES,92.749.225/0001-63,Fabricação de artigos de cutelaria,25.41-1-00,ATIVA,,02/08/1966,adriene.trindade@mundial.com,(11) 3524-1500,MATRIZ,204-6 - Sociedade Anônima Aberta,PARAISO,04.103-000,SP
LOJAS RENNER SA,LOJAS RENNER S.A.,92.754.738/0001-62,"Lojas de departamentos ou magazines, exceto lojas francas (Duty free)",47.13-0-04,ATIVA,RENNER,10/08/1966,csc.nucleodedocumentacao@lojasrenner.com.br,(51) 2121-7000/ (51) 2121-7307,MATRIZ,204-6 - Sociedade Anônima Aberta,JARDIM DO SALSO,91.410-400,RS
TAURUS ARMAS S.A.,TAURUS ARMAS S.A.,92.781.335/0001-02,"Fabricação de armas de fogo, outras armas e munições",25.50-1-02,ATIVA,,11/08/1966,fiscal@taurus.com.br,(51) 3021-3000,MATRIZ,204-6 - Sociedade Anônima Aberta,FAZENDA SAO BORJA,93.035-411,RS
CELULOSE IRANI SA,IRANI PAPEL E EMBALAGEM S.A.,92.791.243/0001-03,Fabricação de celulose e outras pastas para a fabricação de papel,17.10-9-00,ATIVA,IRANI,03/12/1968,evandrozabott@irani.com.br,(49) 3527-5100,MATRIZ,204-6 - Sociedade Anônima Aberta,CENTRO,90.010-030,RS
SPRINGER SA,SPRINGER S.A.,92.929.520/0001-00,Fabricação de material elétrico para instalações em circuito de consumo,27.32-5-00,ATIVA,,29/07/1969,manuelvaranda@terra.com.br,(11) 4613-8232 / (11) 4613-8231,MATRIZ,204-6 - Sociedade Anônima Aberta,JARDIM DA GLORIA,06.711-280,SP
CEMEPE INVESTIMENTOS SA,CEMEPE INVESTIMENTOS SA,93.828.986/0001-73,Holdings de instituições não-financeiras,64.62-0-00,ATIVA,,19/03/1991,,(21) 3206-6000 / (32) 3206-6023 / (21) 3206-6026,MATRIZ,204-6 - Sociedade Anônima Aberta,CENTRO,20.060-070,RJ
EXCELSIOR ALIMENTOS SA.,EXCELSIOR ALIMENTOS SA.,95.426.862/0001-97,Fabricação de produtos de carne,10.13-9-01,ATIVA,,05/09/1966,fiscal@excelsior.ind.br,(51) 2106-8800/ (51) 5106-8869,MATRIZ,204-6 - Sociedade Anônima Aberta,ARROIO GRANDE,96.830-504,RS
CONSERVAS ODERICH SA,CONSERVAS ODERICH SA,97.191.902/0001-94,Fabricação de produtos de carne,10.13-9-01,ATIVA,ODERICH,20/08/1966,leonar@oderich.com.br,(51) 3635-1609/ (51) 2143-1135,MATRIZ,204-6 - Sociedade Anônima Aberta,CENTRO,95.760-000,RS
DURATEX S.A.,DURATEX S.A.,97.837.181/0001-47,"Fabricação de madeira laminada e de chapas de madeira compensada, prensada e aglomerada",16.21-8-00,ATIVA,,28/09/1966,fiscal@duratex.com.br,(11) 3179-7733,MATRIZ,204-6 - Sociedade Anônima Aberta,BELA VISTA,01.310-942,SP
